comment,post_dates
"Every time Palestine fucked around, they found out.",2023-10-15 04:43:48
"I agree. The amount of misinformation being spread on account of history is only breeding more hate and reducing the conflict to Israeli apartheid. The current optics aren‚Äôt good, even the current regime‚Äôs action against Palestinians in 2022 and 2023 aren‚Äôt justified but the entire reason for tensions to begin with is not about Israel being greedy. It was about fighting for their right to exist but it turned into aggressive form of protection violating many human rights‚Äô guidelines. You can choose to argue only on the current optics (what‚Äôs happening with the civilians) but acting like pundits on Israel - Palestine and knowing the whole issue and than rebranding Israel as a US like oppressor seems a bit far fetched and then to deny the kind of extremist groups that actually pose threat to Israel from all sides. You cannot undermine that, but the progressive liberals have really done injustice to the truth this time. I am sick to my stomach. This is just going to breed more anti-semitism and Islamophobia",2023-10-15 08:45:04
"Believing anyone is the good guy or bad guy is historical ignorance. 

The real victims are the countless innocent people who have died on both sides.

Israel delude themselves they have no choice but to bomb Palestinians, and Hamas terrorists delude themselves into thinking they have no choice but to murder Israelies. 

Bombings create more terrorists who murder in revenge who get bombed in revenge. 

The cycle of revenge keeps the war engine running.",2023-10-15 03:40:22
"I say it's 2 organizations that are evil in their methods that fight each other and civilians of both side suffer and perish.

For the creation of Israel, it's kinda yes and no. Were British in their right to give land? If the British were to give these lands, why did Israeli terrorist bombed a place? Israel using the antisemitic shield every time you criticize what they do is extremely obnoxious.

Protecting civilians is alright, defending yourself is alright. Ask yourself if what is happening is inside the scope of defending. This is BN doing what he always wanted to do, massacre it's just a casus belli, a greenlight. I'd also not be surprised if he actually knew it'd happen and let it happen so that he can have his green light.

This is a deportation through violence and genocide, nothing else.

Everything I said is I think a neutral conclusion based on the facts.

Now my opinion is the following: I'd rather have Israel ruling the ME than the others. But my wet dream would be Israel And the ME nations taking themselves out. Religious country must fuck off so that we can one day move away from these bs.",2023-10-15 22:57:17
They should go back in time and ask the dinosaurs.....,2023-10-15 08:47:09
Thanks for taking the time to help educate people.,2023-10-15 12:35:57
"As you say, the british ruled over Palestine and decided to assign the land to Jewish settlers. That sentence already contains 2 parts that are very frustrating, being rules by a small country 1000's of km's away AND having to give up land for no reason that concerns you.

The Jewish settlers were in general richer and funded by Jewish families who wanted to strengthen this foothold near Jerusalem. The settlers grew their communities quickly and started building walls around their communities, often redrawing the lines to also include areas with natural resources. Of course more immigration followed the second world war. This indeed reached a breaking point where the Arabs had enough and wanted to absolve what the British had started in 1918. It is easy to boil this down to 'they hate the Jews, so they wanted to kill them all', but that completely ignores what is geopolitically behind this revolt.

It is also not 'rightful' to take land of the ones that try to stop you from doing just that. The Israeli's wanting to have a land of their own and needing more and more land 'to protect themselves better' is not a blank check to settle in someone elses teritory and 'coincidentially' ending up with 75% of that land after a few generations.",2023-10-16 04:16:31
"Honestly your understanding of the history is pretty poor and missing a lot.

You should start your research with the Balfour declaration in 1917. When the Ottoman Empire fell at the end of WW1 Britain took over that land.

This is when Jewish migration back to what is now Israel really began. 

In 1948 over half the Palestinian population fled or were expelled from their homes during the war which was included neighboring Arab states.

Then in 1967 a half a million Palestinians were displaced during the war.

Look, there is no supporting what Hamas did but Israel isn‚Äôt without blood on it‚Äôs hands either. This is coming from someone who‚Äôs family members have been on birthright trips to Israel. There is nothing holy about that land. I do not see God there. I do not believe there will ever be peace there.",2023-10-17 01:16:42
"i am neither israeli nor palestinian, and after reading alot and speaking to many, it seems that there is no reason why both cannot live in peace together.  Thus, its seems the terrorist groups always seem to attack or cause trouble. I am not saying both sides have done bad things, but there is no reason the Arab countries should not 1. help Palestinians, and 1. try and live in peace and 3. condemn the terrorist groups.",2023-10-15 16:08:53
"What a shit show.

Israelis are garbo settlers.
Palastainians are fanatic terrorist cave people.

Both shat the bed but if i had to choose a neighbour i would pick Jews everytime. You just cant negotiate with fanatic Muslims.

Carpet bomb the shit out of everything in Gaza so we can be over with this conflict as soon as possible.",2023-10-16 10:48:45
Sounds like the Palestinians are terrible at war. It's evident when you see the videos of hamas during their recent massacre. Had the Israelis had any armed citizens they would have easily taken out them out,2023-10-16 15:39:16
"Agreed.  Even if you were to reject Jewish religious/historical connection to the land they were displaced from in 70CE, the trickle of Jews in the late 19/early 20th century were small religious or communal agricultural groups adding to the Jewish population that never left.  The later migrations are very clearly refugees.  Either from the holocaust or being expelled from countries with hostile anti Jewish populations, usually Arabic.  Very far from colonialists.  Further, in the 1948 war Israel did not ""drive Palestinians out"".  There are large Arab populations all throughout Israel.  They can vote, own businesses.",2023-10-17 12:54:05
"Cmon bro use your brain. You think Israel won a fair fight and gained the land through conquest? No. The western powers used Israel as a puppet and funneled their might to obliterate the Palestinian people. They continue to build settlements on the West Bank which even the UN recognizes as illegal.

Imagine China takes over New England, offer to give us New Hampshire back and then calls us the terrorists for fighting to get our land back. The difference is that Israel has the support of the United States while Palestine does not. We haven‚Äôt even got into the nakba expulsions or Israel‚Äôs human right violations in the West Bank. 

If you support Israel, you support colonization and you would have been on the side of France during the Haitian revolution",2023-10-19 01:36:07
"Why the hell Britain had Arab land? I'll tell you, by betraying Arabs during WWI. 

Second, land conquest, while how many wars have worked, it's horrible and shouldn't happen.",2023-10-22 19:37:59
"How far back do you want to go? To the Ottoman empire? The roman empire? The Jewish people have a 3,000 year history in this land, as evidenced by extensive archaeological records, like the Dead Sea Scrolls and countless other examples. 

I think a fair thing to do do in the modern age is maybe to disregard the ancient history, and maybe follow international norms, treaties, conventions, et cetera. If you look at a map, the attacks occurred on Israel's sovereign territory, 1949 borders. Unless you deny Israel's right to exist within those internationally recognized borders, what are you even talking about? Of course the history is longer than OP pointed out.",2023-10-15 03:53:34
Israel warns them to leave the area prior to bombing. They aren't intentionally bombing Palestinian civilians. They chose to ignore the warnings. Not much difference between that and ignoring the forest fire raging towards your house and burning alive in it as a result.,2023-10-15 09:35:46
This is the right answer. Totally on point.,2023-10-15 05:19:43
">Bombings create more terrorists who murder in revenge who get bombed in revenge.

This is a very naive take on the islamic fundametalist worldview. Israel could have bombed no one ever, and the Arabs and Palestinians have equal fury and desire to murder every Jew in the middle east. ""it's retaliation for taking our land and dropping some bombs!"" is propaganda that doesn't stand up to actually studying what is going on and the worldview of muslims in the middle east. They want to murder every Jew, drive them into the sea, and take all of Israel for their own - and all of these exact motivations would exist even if Israel never did killed one person or dropped one bomb. That's the sad reality.",2023-10-16 16:00:49
"I get where you are coming from. I also get the philosophical stance of somebody gotta stop the war. But realistically, does that work? We have to first acknowledge there are Islamic extremist groups across the Arab counties bordering Israel and they pose a real threat to Israel (without going into the history of whose land it is or it isn‚Äôt). Now that doesn‚Äôt mean all Arabs wish death to Israel but the extremist groups do. Israel has been harsh in its policy to protect itself and has also received criticism from within their own country - but I sometimes really wonder how is a nation supposed to protect itself from extremist groups. I have no answers really. And that‚Äôs the sad part and it‚Äôs this reality which leaves the civilians in a lurch. Ultimately the State > people, sadly",2023-10-15 08:53:18
"> Israel delude themselves they have no choice but to bomb Palestinians,

What other choice do they have, given that a small numbers of Palestinians would always want them gone?

> and Hamas terrorists delude themselves into thinking they have no choice but to murder Israelies.

From the perspective of their cannon fodders, if they don't give up the resistance, what else can they possibly do to have any effect on Israel?

> The cycle of revenge keeps the war engine running.

The cycle was started by UN and everything followed are quite predictable, except Israel wasn't wiped out.

We should have known better than to put people to such positions.",2023-10-15 14:50:04
"I had to dumb it down because no one would read a 200 page lecture. You're actually citing incomplete information because all of what you've written was due to retaliation but for some reason you're leaving that crucial part out, I wonder why hmmm",2023-10-17 02:53:10
Only one reason and its fiction novels.,2023-10-15 22:30:34
"> Both shat the bed but if i had to choose a neighbour i would pick Jews everytime. 

Yup. The Israelis are, at worst, douchebags. The fanatic muslims they are surrounded by are the most evil and heinous people to walk the Earth.  The two side are not the same.",2023-10-16 16:03:34
"Agreed, both Palestinians and Israelies both have the right to live there. 

And so should anyone else.",2023-10-15 03:56:54
"Even biblically the Jews got the land by war and have no bloodline claim 

That being said I don‚Äôt thing 3000 years ago matters. 

The real issue is in 1948 the UN removed 700000 Palestinians as a way to compensate Jews and not have to host them in Poland and Germany near the same people who actively or passively tried to eliminate them. 

I agree 100% that by attacking from all sides they lost the land that made strategic sense for Israel to keep and those treaties need to be honored. 

Personally, as a recently promoted Reddit General, I think withdrawing from Gaza was a bad move as it created an isolated area away from other Palestinian lands. A better move would‚Äôve been to negotiate land that borders other countries more than egypts Sinai peninsula.",2023-10-15 11:32:57
"Pointing out that the Israelis didn't have a fucking foothold in modern day Israel after the Bar Kokhba wars against the Romans is probably not going to change your mind, will it?",2023-10-16 21:43:43
why the British had Arab land in 1940? did they sign an agreement saying they would give the land to Arabs in exchange for support against the Ottomans?,2023-10-22 19:40:22
"Yeah, just move 1 million people in 72 hours. Cool, cool, glad to see you play a lot of RTS games on your computer.",2023-10-16 21:45:49
You don't respond to arguably the worst terror attacks ever carried out against a civilian population with an olive branch. It's psychopathic to think that way.,2023-10-15 06:33:29
"That's complete nonsense. Sounds like you're reading too much propaganda. 

I can spin this BS too! 
""Israel wants to murder every Palestinian, drive them into the sea and take all Palestine territory for their own, and make it a Zionist state for Jews only. And all these exact motivations would exist even if Palestine didn't even kill one person. That's the sad reality""

Can you see how biased you sound?",2023-10-16 16:24:35
"I figured you‚Äôd have to dumb it down. Thought I dumbed it down enough for you too. If you can write a few paragraphs you should be able to read a few more.

Your inability to read correlates to lack of knowledge.",2023-10-17 09:58:11
"I don't think we're agreeing. I'm saying Israel should get to decide its own border policies within its internationally agreed border. Palestinians do not have a \*right\* to live in Israel, although obviously Israel welcomes Arabs. By contrast, Palestinians \*do have\* a right to live in the Gaza strip, but if they had any sense they'd evacuate Northern Gaza, for the simple reason that it is a combat zone and Hamas is willing to hide behind them. Worth noting that Israel asked its \*own\* citizens to evacuate around the borders, but we don't see a big outcry (or hardly any mention) about that.   


Hamas committed a crime against humanity. The state of israel, whatever you think of their policies, must eradicate Hamas.",2023-10-15 04:10:10
It's just to bad Palestine doesn't think that way.,2023-10-19 07:20:55
"The UN didn't remove 700,000 Palestinians. They fled from lands within Israel's  modern borders for a variety of reasons. Some Arab villages were depopulated through force, largely through threats of violence, in order to obtain a defensive advantage for Israel. Some of the violent Jewish underground groups like Lehi and the Haganah adopted more violent means, poisoning wells and attacking civilians, using the fear of violence as a tool to depopulate areas. Many others simply didn't wish to live under the authority of Jews. Some weren't forced out and neither did they choose to leave, and they form Israel's Arab population today.",2023-10-16 13:43:45
"1 million people moving 5-10 miles is not an impossible task. If you have a terroristic government that you elected blocking you, then it gets more difficult",2023-10-16 23:43:30
">g the forest fire raging towards your hous

Israel asked the People in Gaza city to leave before the first air strike in the conflict. The last time was just with a deadline.",2023-10-17 04:10:02
"I do, the problem is that both are doing it, I just don't support the most west friendly side of the problem. This is a history of hate, now both sides have many reasons to kill each other and are doing horrible atrocities. I don't give a damn about who has done bigger or worse, I just care about the innocents that haven't done anything wrong. There are people in Gaza that don't support Hammas and want to live peacefully and the conflict to stop, also people in Israel that don't support destroying people's houses on the west flank(that is 60% occupied by Israel) to build settlements.

It is horrible to see a dead kid, no matter where he is from. There is nothing more inhumane to see so many people from developed countries talking about collateral damage like it is some kind of furniture.",2023-10-15 06:55:35
"Except only one of these is objectively true. 18% of Israel is Muslims. Jews are all but exiled from arab countries. If israel wanted to murder every muslim, they could do so in a heartbeat with their nukes. Arab countries and muslims bend over backward to do everything they can to continue murdering every jew. The two sides are not the same.",2023-10-16 17:08:36
"Israel does not have a right to bomb or invade a neighboring country regardless of their justification. 

Hamas is a horrific terrorist organisation but bombing and invading on Muslim territory is just creating more and more terrorists.",2023-10-15 04:17:10
"Where the fuck do you get these childish, idiotic concepts of ""rights"" to occupy a territory?",2023-10-16 21:44:55
It's only objectively true if you are biased towards one side.,2023-10-16 17:11:48
"You're confused. Under international law, Israel does have the right to defend itself. Hamas, the governing body of Gaza, executed not only a textbook casus belli (""cause of war"") but also a crime against humanity. Israel is within international law to attack back in Gazan territory.  


According to internal law, Israel too must act to limit civilian deaths. But it is legally allowed to invade and bomb Gaza.",2023-10-15 04:29:55
"If Israel wanted to murder every Palestinian, then 18% of Israel would not be Palestinians. In fact, all Palestinian would have been dead decades ago if that's what they wanted.

There is no bias. You are just objectively wrong.",2023-10-16 17:20:22
"No, there's no such thing as legally allowed to wage war. 

Their actions are as wrong as the Hamas terrorists. And justifying either is called human bias.",2023-10-15 05:15:21
"There's no such thing as legally allowed to wage war? Are you a teenager? Are you high? I mean what are you smoking? Any country could attack any other country and the attacked country must just bend over?

Do even a little googling on the laws of war before spouting this nonsense.

Hamas specifically crossed into Israel's internationally agreed, sovereign territory, and in a premeditated attack, purposefully killed, mutiliated, raped, and murdered civilians, ranging from babies to grandparents. Any sovereign country would respond. They hide behind civilians. See for example: [https://www.reddit.com/r/IsraelWar/comments/1763ukp/is\_that\_a\_real\_video/](https://www.reddit.com/r/IsraelWar/comments/1763ukp/is_that_a_real_video/)  


By contrast, Israel express military aim is to take out Hamas, the belligerents, not to purposefully kill civilians. Israeli soldiers who shoot or beat civilians go to jail. It's a crime in Israel. I'm not saying it doesn't happen (it does, just like police brutality), but it's against the law. Hamas does it as its express goal.",2023-10-15 05:25:17
"What are you even talking about? Are YOU high? Do you understand what legality means? It means that there is no judge or jury.

No war is legal or illegal. Its war. You can use whatever justification you want to make yourself feel better. But the reality is that waging war is ALWAYS wrong. 

And yes Hamas is did horrific things by invading Israel. And Israel is doing horrific things by bombing Gaza. 

You're clearly biased, so keep up your delusions. All you're doing is propagating an endless war.",2023-10-15 05:41:44
"But that‚Äôs the point of war. No one wins or loses. And it makes me questions if any of the groups care about their people, especially Hamas. What was it thinking would be the repercussions of the attack? Peace conversations to release hostages??? 
Anyone who knows Israel shouldn‚Äôt be surprised by this response, so Hamas would have also known its attack would lead to war and were they really thinking it will free Palestine? Or they actually wanted to create a refugee crisis and then prove their point that Israel is the evil BIG DAD and they care for their people (but do they? The leadership doesn‚Äôt even live in the region)",2023-10-15 08:56:43
"So under this logic, it was wrong for the allies to wage war against Nazi Germany?

Unfortunately there comes a point where one must kill to protect innocent from pure evil.  Hamas is one of those instances of pure evil.",2023-10-15 12:40:30
let's do it,2023-10-11 19:06:59
Attack Iran,2023-10-11 16:08:30
![gif](giphy|eRaZhg8XZ3FoQ),2023-10-11 21:57:04
https://www.businessinsider.com/photos-military-aid-us-sending-toward-israel-hamas-attack-2023-10,2023-10-11 10:47:00
Grow balls you decrepit old man . You've lied about your entire political career at least come through on something right. You're a major part of this happening by lifting sanctions on Iran and 3 days into your presidency re-administering aid to Palestine. Trump had it right even tho I'm not a fan. He cut off all financial support to Palestine until they showed none of the money went to Hamas .....they never saw a dollar . My other issue is the support of the democratic party by Jewish Americans. What don't you see they support terrorists murdering your loved ones. What a disaster. I hope IDF holds no restraint after the left mainstream media wing will start pumping Palestine support.,2023-10-11 22:26:43
"I bet every service member on that ship has a hard on, praying at night: ""I hope I can die for Israel.""",2023-10-11 22:31:56
There for display only. Look but don‚Äôt touch.,2023-10-12 00:06:30
Bigass ship,2023-10-12 11:02:36
"Condition Three port & starboard in The Med

the tradition lives on",2023-10-13 11:42:19
"Probably a good move. A preventative measure.

 America is saying to Iran, ""in case you forgot... We have the biggest dick in the world, so it'd be wise not to get in a big dick competition yea?""",2023-10-24 19:15:40
& destroy Hezbollah.,2023-10-12 07:02:56
"Would require ground troops, estimated loss would be 100-200k - estimate during bush times",2023-10-12 12:07:40
"No war ""hard ons"" are reserved for goat fu cking mudslim who f ck you children and behead women.  May atom shine upon you--dune coon.",2023-10-12 13:34:34
I suspect this is right. It‚Äôs there to make sure Iran and others don‚Äôt get involved.,2023-10-12 14:50:44
"I get the vibe that u/Quirky_Track_434 doesn't f ck his goats, he has to watch his friends f Ck his goats",2023-10-12 14:17:57
I'd prefer america to be a 100% christian catholic country lol.  So no I'm not Abdul.  I'm just aware of who the bigger enemy is in my own country and it's not ahmed.  They're dangerous but.. you know.  Bigger fish to fry.,2023-10-12 20:43:08
"Mr Schlomo, did you make a new account just for this?  Again, I'm a white dude.  You don't have to waste a burner account to call me a mudslime goat fucker.",2023-10-12 20:44:02
With that I agree and sorry for my response.  I am sick of people making excuses for Muslim barbarity.  I also understand what you are saying.,2023-10-18 13:28:38
"Yeah I don't want large pockets of them in my vicinity.  They have their own in group preferences and it doesn't bode well for Western country's who don't have the same in group preference.  Islam in Europe and America has made them objectively worse.  And the influx of refugees has undoubtedly been a disaster I'm not sure we'll get out unscathed from.  But that doesn't mean I support a relentless bombing campaign on them.   Firstly, because that's incredibly barbaric, way more so than just sending them back and giving them some aid.  But secondly, and not my much -- those who survive this will be shipped to the US, EU, and various bordering countries.  It's a no brainer for them, if you have to move somewhere might as well go to the most wealthy countries. 

If Israel was willing to take in every single refugee I don't think I'd care as much.  But this is kinda like the US surrounding an Indian reservation and lobbing grenades inside.  But first and foremost, I don't want to deal with the aftereffects of this war.  Israel started it and I don't want them exporting their problem to Europe/US.",2023-10-18 21:41:33
Why not encourage muslim countries to provide asylum to the 2m innocent palestinians. I.e. Europe has taken up 10m Ukrainians...if they would show some solidarity this could be possible.. Then clean gaza of terrorists and help returning polulation to rebuild under un supervision?.,2023-10-10 14:36:26
They can't evacuate because Egypt doesn't want them. Not sure I blame Egypt,2023-10-10 18:16:44
"remember kids, extremism makes you less intelligent",2023-10-10 21:27:27
Evacuate them to israel then,2023-10-10 15:04:39
Um.. i think thats a little bitty too extreme,2023-10-10 17:13:30
"Im sorry for your loss and I try to understand the pain but that kind of reaction, that is Genocide.
Didnt Jewish people suffer the same violence in the not to distant past? More death and destruction will only make the violence worse.",2023-10-11 03:50:21
So you want to ethnically cleanse Palestinians it seems? Truly the most reasonably thing to do /s. Free Palestine üáµüá∏,2023-10-10 11:27:02
How are they going to evacuate you tard? It's under siege. They're not even letting Egypt bring water in.,2023-10-10 11:24:08
"It's my understanding that they have been blockaded since 2007.  Israel's built a giant wall around the whole territory and there is a trickle between Gaza and Egypt(Egypt does not want to take them).   So they have nowhere to go but the beach because they're no buildings there.    I guess that's where I'd be if I was Palestinian but could you imagine 2 million Palestinians on the beach.   That sounds like a place where Hamas would hide out and plan things.  And then you have an amphibious assault possibility.  They just are going to hunker down where they can away from known Hamas enclaves and then hope for the best.  Oh wait.... they voted for a totalitarian Islamic society so Hamas will keep themselves surrounded by civilian human shields.  That's how it works over there.  The children don't know and the women don't have a choice.  This is war, sadly.",2023-10-10 22:45:30
Hey after what they did to Israel in a surprise attack Israel has every right to make a mud hole out of all of Gaza,2023-10-10 23:11:19
"Evacuate where? Egypt, Jordan, etc. won‚Äôt allow them in.",2023-10-10 23:15:58
"Put them all on boats and float them out to sea. Take the land back and turn it into farms to feed people. You know, something productive.",2023-10-13 07:39:51
"None of them want them. Lebanon, Jordan, and Egypt all took in loads of refugees, and all of them immediately aligned with violent extremists.


At this point nobody will touch the Gazans with a 100 meter stick, and who can blame them? They're indoctrinated, psychotic, fanatics.",2023-10-10 15:41:01
Because that wouldn‚Äôt align with the anti semitic rhetoric.,2023-10-10 15:04:37
"It'd be great to exit out the women and female children.  But none of the surrounding countries want that.  Imagine that...  Muslim countries don't want them.  They just want the Palestinians to have more children to the point the International community finds it intolerable.  And then Hamas does this shit.  

Wish they could all live in peace and realize that religion is just creation of man, and that democracy is the best way, and that ethnic and cultural differences can be integrated.  So much pain and hate..",2023-10-10 22:49:45
The problem is that the Jews weren‚Äôt launching multi-pronged assault on innocent civilians during music festivals and shit when people were trying to genocide them‚Ä¶ if a group of people radically are trying to destroy u every chance they get then it‚Äôs alittle different.,2023-10-11 04:30:36
"I think you may have your definition wrong. I didn‚Äôt say murder them all. I said force them to relocate. Then destroy everything they leave behind. They take their culture and people with them. That isn‚Äôt genocide. 

The problem is with both Iran and Palestine is they flat out refuse to acknowledge historic fact or legal ownership. Jews have lived there since the beginning of recorded history. Israel is a legal, recognized state - a country. Palestine is not. They won‚Äôt come to the negotiation table recognizing that Jews and Israel have the right to exist. They (Hamas, Iran) only want to destroy and kill all Jews (actual genocide by definition) as they have during their attacks. Murdering women and children, cutting off babies heads, killing kids in front of parents, raping women. Killing in the most horrendous ways. That is Palestine. That is Iran. Would you allow someone to be your neighbor that does this or would you force them out?  You would remove the threat or yourself from the situation. 

Forcing them to relocate to an Arab country and destroying their occupied areas is the only option. These people do not now nor never will want peace as long as Iran calls their shots. They are Tehrans proxy fighters. Until Iran gets on board with the Abraham Accords and sees Israel for the great resource and innovative power that it is they will continue this bloodshed.",2023-10-11 04:22:06
"Lmao he wants to evac, then level the place, where did you get that from üòÇ",2023-10-10 12:16:07
That‚Äôs not true. Israel only controls the entry ports along their boarder. Egypt can bring anything they want in. They don‚Äôt want to support Palestinians because their government is a terrorist organization.,2023-10-10 15:03:11
Then I have no solution but neither any compassion with gazans. They proofe themselves unworthy of it.,2023-10-10 16:16:20
Wow you‚Äôre retarded as fuck,2023-10-19 01:39:44
"And then never give it back. Permanently ""evacuate"" the area. The whole of Palestine belongs to the Palestinians and kicking them off that land is ethnic cleansing",2023-10-10 12:21:07
"I have loads of sympathy and compassion. But also no inclination towards mercy. At the end of the day, I'd much rather see Israel firmly secure its safety and future.",2023-10-10 16:20:39
"No it doesn't belong to them. No legal rights, no international recognition, no actual ability to claim the land. Just constant claim. It's a delusional society that murders babies.",2023-10-10 12:59:07
We share similar views then,2023-10-10 16:38:24
Oh please if you gave a shit about babies you wouldn't support Israel in any degree,2023-10-10 16:14:19
The asian jhonny sins,2023-11-01 07:58:57
This dude has one he'll of a life,2023-11-01 07:08:10
There is a video of him in a Press uniform. Also one of him being a nurse and helping a patient on a CT scanner.,2023-11-01 17:01:49
"Nah ! Nobody will notice,  will they  ?",2023-11-01 07:13:39
too funny.  Like the 10yo little girl and the two old ladys.,2023-11-01 11:14:27
[removed],2023-11-01 09:48:41
 Best of the worst type,2023-11-01 21:22:26
Source?,2023-11-01 22:14:18
Pallywood,2023-11-03 17:31:23
And a doctor who operates on ‚Äúinjured‚Äù soldiers? How interesting,2023-11-01 11:53:14
"100%, both on knowing the difference between terrorism and freedom fighting, also for being against putler.",2023-10-16 03:58:37
"There‚Äôs only ‚Äúconfusion‚Äù between the two when it comes to Israelis & Palestinians, and it‚Äôs because Hamas (and its supporters) have invested in shifting the narrative.

Let‚Äôs just say - if Native Americans in the U.S. decided to go out and murder a bunch of non-native Americans, they wouldn‚Äôt be called resistance fighters.",2023-10-16 12:18:46
"Never mind the many, many, many attempts since 1912 to sit down for peace talks with the Palestinians. They have rejected each and every invitation over the last 120 years. They ONLY want genocide, not negotiations, not peace, but complete eradication of the Israeli people which makes them evil or stupid or both. I'm siding with both.",2023-10-16 04:25:02
Only if directed against jews.,2023-10-16 07:57:27
"&#x200B;

https://preview.redd.it/3ey2on0yxhub1.png?width=1280&format=png&auto=webp&s=8cb11e4b5a61f88873957f9d45f102be23e122df

Here is the terrorist who killed a 6 year old Muslim child; it was hate-crime. Look at how old and fucked up this terrorist is. Maybe he suffered a lot in his life. Who could really blame him for doing what he did? (I mean, look at how fucked up his fucking face is - what would YOU do if YOUR face looked like THAT?!) He was a time bomb waiting to go off anyway, where were the social services? Why didn't anyone help him?

Instead of locking him up, let's buy him a ticket to Disney land! /s",2023-10-16 01:02:12
"**Another disturbing trend:** 

**people normalize bombing a country as an ethical means of 'defense'.**",2023-10-16 17:13:24
"‚ÄúThat‚Äôs what jails were for‚Äù.

I do not support hamas, I 100% back Israel but Gaza already was a prison. It‚Äôs been under total blockade since 2007 and is completely cut off from the world.

A woman from a town near me is trapped in Gaza with her American children. They are 100% white. She married a Palestinian Christian here outside of Chicago. They were in Gaza visiting family.

This war is fucked all around. Safe passage is needed for civilians and the hostages must be returned safe",2023-10-17 00:58:53
"Great, then please check out r/FreedomofRussia where we post anti-Putin news from various resistance factions working to end the dictatorship behind enemy lines within the RF itself and on the field of battle as part of the Armed Forces of Ukraine!",2023-10-16 04:00:10
"Do you have any examples of people in the past who peacefully accepted half of their homeland taken? without resistance, attempting to massacre the newcomers and without being massacred themselves?

Jews themselves started [wars](https://en.wikipedia.org/wiki/Jewish%E2%80%93Roman_wars) for less and ended up wiping out non-Jews in several Roman provinces, and then got wiped out themselves.

Feud still exist in India today, between different races and between Hindus and Muslims, who have been living together for a millennia. Also Armenians and Azerbaijanis are still fighting today. Massacres lasted well into 20th century and mostly went unreported.

Peace talk? Lol. How many centuries of war did the first world experience before the fighting finally stopped? In North America it only ended because most of the natives were dead.

Israel and Palestine only fought 120 years. It's just warming up.",2023-10-16 15:59:02
"I mean, you're right. I'm against Putin and I'm good with Russia being bombed. The wars have gotten to me, yep.",2023-10-16 17:23:06
"Are there a lot of prisons which are blocked off from the entire world where modern Russian and American weaponry is found, with high explosives, vehicles, etc. It has to be leaky somewhere.

Especially if those tourists got inside.

Everyone should agree with your last point.",2023-10-17 01:17:00
"Here's a sneak peek of /r/FreedomofRussia using the [top posts](https://np.reddit.com/r/FreedomofRussia/top/?sort=top&t=all) of all time!

\#1: [Good luck for these freedom fighters!](https://i.redd.it/nrjepyxo5j1b1.jpg) | [58 comments](https://np.reddit.com/r/FreedomofRussia/comments/13pgx3r/good_luck_for_these_freedom_fighters/)  
\#2: [Freedom Russia Legion ‚¨úüü¶‚¨ú: ""Residents of Russia! We are Russians just like you. We are distinguished only by the fact that we no longer wanted to justify the actions of criminals in power and took up arms to defend our and your freedom.""](https://v.redd.it/v8pejmzo1c1b1) | [54 comments](https://np.reddit.com/r/FreedomofRussia/comments/13ojf55/freedom_russia_legion_residents_of_russia_we_are/)  
\#3: [Glory to the Heroes!](https://i.redd.it/7abcwol9cf1b1.jpg) | [14 comments](https://np.reddit.com/r/FreedomofRussia/comments/13oqm63/glory_to_the_heroes/)

----
^^I'm ^^a ^^bot, ^^beep ^^boop ^^| ^^Downvote ^^to ^^remove ^^| ^^[Contact](https://www.reddit.com/message/compose/?to=sneakpeekbot) ^^| ^^[Info](https://np.reddit.com/r/sneakpeekbot/) ^^| ^^[Opt-out](https://np.reddit.com/r/sneakpeekbot/comments/o8wk1r/blacklist_ix/) ^^| ^^[GitHub](https://github.com/ghnr/sneakpeekbot)",2023-10-16 04:00:23
Gtfo,2023-10-17 00:59:26
"People can get in and out of Gaza‚Ä¶ my calling it a prison was more to do with the land, air and sea blockade from Israel and the fact that they are literally fenced in with Israeli guard towers every 500 feet and an inability to come close to the fence.

Some people have freedom of travel. Right now nobody is able to get out of Gaza. All the crossing are closed.",2023-10-17 10:04:46
"That sub is awful.

But this is also just a sad byproduct of Reddit's design. 

I see a lot of misinformation on this site that I'm hesitant to respond to because I know I'll get deleted or downvoted & take a hit to my karma. (Sorry if this comment is considered ""meta."")",2023-10-17 19:55:44
"This is what we are up against and it was going to be this sooner or later: they have weaponized Putin level propaganda to rewrite facts and history in people‚Äôs minds. This is how a latte-sipping liberal can find their way into a Jihadist camp.
Unfortunately it will take the overwhelming sacrifice of innocents to get some folks to realize their errors. Somewhere, something is going to happen as a result of this weaponized Jihadist propaganda (Jew=‚ÄòZionist‚Äô=Nazi, so how can we blame anyone for wanting to religiously kill them) is that someone will get hurt by terrorists who are enjoying the privileges of being glorified by the massive left, and in a place far away from the Gaza Strip. 
There are only a minority who can visualize this scenario, and well, there‚Äôs always some balance and this time it is the conservatives who may be right.",2023-10-17 20:35:58
"&#x200B;

https://preview.redd.it/fo5uf0q5iuub1.png?width=1462&format=png&auto=webp&s=e45f56ce9d0d2578ca7da124e7feb1289d555cdc",2023-10-17 19:14:17
Many sub reddits are actively suppressing pro Israel comments.  Even the subs that are not specifically about the war.  I am banned on 3 already.  One of them just a combat footage sub,2023-10-17 20:23:21
On Reddit.  No way.   I was telling someone how one of the best small businesses I ever worked from was Jewish owned.  His response have you worked for  Nazis too.  I just responded.  This is why I'm a lead tech and your still a helper,2023-10-18 11:13:45
Prob a hamas sympathizer these college kids dont get it they storm this country there killing every supporter they have here fucking idiots,2023-10-18 08:03:38
My main account got perma banned for spilling hate against Hamas in that group be careful,2023-10-18 15:55:09
"The R/Britain subreddit has turned toxic, if you say anything anti-Hamas you get an instant ban. I think the subreddit has been taken over by terrorist sympathizers.",2023-10-18 16:40:36
The irony is that Hitler endorsed Arab Nationalism as the Nazis of the Middle East... Palestine is Arab Nationalists...,2023-10-18 03:26:18
Where can i see that video?,2023-10-18 09:39:12
"Idc, Reddit sucks and Hamas sucks worse. They deserve to all be dead.",2023-10-18 16:00:48
"True you don‚Äôt care, but a lot of butt hurt people took offense to that and I lost my account. Just spreading the be careful since Reddit is Hamas supporters",2023-10-18 16:03:00
"True, just tired of idiots censoring people for telling the truth.",2023-10-18 16:05:13
Freedom of speech is dead on the internet now sad times,2023-10-18 17:47:48
"The following videos are NSFW, and viewer discretion is advised. That said, I do think it's important to see the reality on the ground, since the media won't.

Video of a girl from the festival getting kidnapped:https://twitter.com/i/status/1710719164099318078

Massacred Israelis in their cars:https://x.com/QamarRushb54768/status/1710727487976845519?s=20

Hamas livestreaming the massacre of a family: https://x.com/GoldingBF/status/1710707723774329261?s=20

A teenage Israeli girl that got kidnapped (and likely raped):https://x.com/social_postman/status/1710693990016684485?s=20

Israeli family that got kidnapped:https://x.com/HenMazzig/status/1710718030085239075?s=20

Hamas parading a dead kidnapped Israeli woman:https://x.com/EllieCohanim/status/1710692333245571240?s=20

(UPDATE: this wasn't an Israeli woman, but a German tourist named Shani Louk who came specifically to attend the rave).

Elderly people shot in the street:https://x.com/Vall84270419/status/1710746044798001630?s=20

Israeli family held hostage, fate unknown as they‚Äôre still missing. Likely kidnapped and or killed: https://x.com/hananyanaftali/status/1710808346427560419?s=46&t=-JXaIRVPm3JJbUImliSINg

News report: ""Ella Mor's 8-year-old nephew called in the morning saying 'terrorists came to the house and they killed daddy, then they killed mommy.' She then lost touch with the boy, who was hiding with his 6-year-old sister.""

NSFL: young Israeli girl‚Äôs charred, stripped body discovered in Southern Israel.
Small account, the language being spoken is definitely Hebrew and also accurate as to what is being seen in the video:
https://www.instagram.com/reel/CyOPbBrrtrF/

Images of burned Israeli children
https://twitter.com/IsraelWarRoom/status/1711754754446225910",2023-10-10 20:11:04
[deleted],2023-10-11 04:54:52
"I cannot edit my post.  Please if anyone has additional videos, please continue to include.  Already some of the first posters have been removed or are inaccessible (to me at least).  These should not be lost.",2023-10-10 22:35:03
There‚Äôs literally a post beneath yours with a montages. You didn‚Äôt look hard,2023-10-10 18:58:09
"Thank god for twitter and X, who refuse to bow to censorship like Redditt and the other leftist socials.",2023-10-11 23:50:31
"Thank you very much for this.  Worth noting, about half of these say I cannot access them. And a few outright said they‚Äôve been removed (at least for me).",2023-10-10 22:33:36
"The last one is probably bullshit lol.  But I have seen tons of Israeli soldiers pissing on the mutilated corpses of Palestinians, and Palestinian families carrying their dead children out of rubble.",2023-10-11 22:35:47
You think HAMAS is in control of the fucking international media rather than Israel? lmfao.,2023-10-11 22:36:15
"Not really sure what you‚Äôre talking about. Just ran through the entire communities posts and don‚Äôt see a single video that Hamas sent out.  See some of the war itself. Zero of what I am referencing.  If I am missing something please send.  

Also the initial post that was very helpful also has about have of its links blocked or removed for me.  And only the ‚Äútamer‚Äù videos (only in comparison - theyre horrifying) remain based on the descriptions the poster provided.",2023-10-10 22:47:31
So those aren‚Äôt charred bodies being collected by an Israeli ambulance??  Sure looks like it detective,2023-10-11 22:44:20
Perhaps I‚Äôm misunderstanding what videos you are talking about then - can you describe one or two you cannot find? Perhaps that would help,2023-10-10 22:55:32
"I only said the last one.  No shit Israeli's got killed and burned up during the attacks.  Every war has horrible shit, but just don't fall for the ""Saddam is killing babies by stealing incubators"" type of thing we fell for during Desert Storm.",2023-10-12 20:51:49
"Videos of the atrocities Hamas is taking themselves and releasing.  Them mutilating bodies.  Beheading people (I saw the Thai man video and haven‚Äôt found it since), etc.",2023-10-10 22:57:49
"Okay so you‚Äôre not talking videos from Hamas (i.e. storming the compound, parading bodies around, etc) troops, but more official releases from their media arm?",2023-10-10 22:58:43
"No, I do mean those.  Any videos shot from the perspective of the aggressors as they commit their atrocities.   The videos where the demon spawn took them themselves and released them to the world because they thought they were doing the appropriate thing.",2023-10-10 23:22:08
They're the same picture.,2023-10-14 16:03:45
From murdering evil,2023-10-14 18:23:27
Hmm... I don't see israel or ukraine doing something different since 10 years ago.,2023-10-14 23:36:16
"One box is red and the other is green?

The Names are different?

The dates are different?

One is from Hamas the other from the Russian Federation?

There's 4 differences. Any more out there???",2023-10-15 02:54:52
Both are insane with their heads up where the sun don't shine,2023-10-15 09:45:35
"Palestinians actually voted for Hamas to rule Gaza.  They are all complicit.  

US killed millions of Japanese civilians in bombing raids and nukes.  Now we are best friends.  
Its part of war.",2023-10-12 00:58:33
"It‚Äôs actually very imaginable and worse has been done. Your side is also causing the same loss of life and trauma, just watch videos that they‚Äôre posting of y‚Äôall. None of you are innocent and truthfully, much of the world is tired of your shit.",2023-10-12 20:51:57
[removed],2023-10-12 23:22:08
"So, are you saying they knew Hamas would be doing this, in 2007? If yes, what is your proof?
If no, then that is exactly what I said, they are being mislead. Note that there has been no election since 2007. So, no Palestinians did not elect Hamas for 16 years. It is there by deceit and deception and misleading them, into destruction.

And stop your b.s. with example of Japan. I hope there is some bot who can weed out low IQ people like you from reddit. What happened with Japan was regrettable. It is not a standard to nuke every enemy country, because after all, we will be friends a century later. And no Israel is not nuking them.",2023-10-12 01:16:44
They did vote for them. But when were they last allowed to vote? Doesn't sound like they have a choice anymore unless they revolt which is difficult under IDF occupation which also cannot end or Israel gets attacked worse. The only thing that remains the same is a terrorist organization is running the show there and nothing will get better until that is corrected,2023-10-12 21:22:28
pretty sure this is same comment as above. did your account get banned?? jfl,2023-10-12 23:45:36
"The Hamas charter said as much in 1988 and continues to do so. Educate yourself, Hamas' goal was always to exterminate Israel 
https://irp.fas.org/world/para/docs/880818a.htm

https://irp.fas.org/world/para/docs/880818.htm",2023-10-12 21:22:54
"So, what is the point? I am appalled by your comment about Japan, how they were nuked and now they are best friends with US. The lives lost will not come back. It was a regrettable decision, no one should deny that..",2023-10-12 23:50:33
I never said that,2023-10-13 03:15:22
[deleted],2023-10-14 01:08:28
"Ok... Now was that me that posted that? No, no it wasn't",2023-10-14 01:54:12
"Username is for sacred Russia.


I trust NOTHING you say

I assume everything you say is agenderised horseshit.",2023-10-16 03:30:34
Happy Cake Day! üêéüç∞,2023-10-16 03:31:28
"Give it up with the hundreds of political BS posts. 

Don't be part of the problem.",2023-10-16 04:02:24
"What is the problem? I think I am being part of the solution! Plus doing posts from the Russian resistance, it helps me feel better and tell the world about anti-Putin Russians. But this Israel war interests me too, and the title of this post is a direct google answer which I really learned today.",2023-10-16 04:04:15
"Ah I see, makes you feel better, contributing to the toxic division on social media and swamping online with YOUR take.

Part of the problem chap. 

Take a walk, make you feel better without being part of the problem.",2023-10-16 05:44:02
"The mind of a rock... When hit with a hard truth, it crumbles into a smaller rock",2023-10-16 11:12:30
"Hamas definitely exists there, they just aren‚Äôt the governing authority.",2023-10-22 14:29:36
"The people of Gaza are so radicalized and hateful toward Israel, without Hamas a new terrorist faction will emerge. There is no peace with them.",2023-10-22 23:12:46
Less bombings for sure.,2023-10-22 12:53:16
"ugh. At least be a little honest and Google the damn subject. 

* [https://www.lemonde.fr/en/international/article/2023/10/17/support-for-hamas-persists-in-the-west-bank-amid-resentment-and-fear\_6181015\_4.html](https://www.lemonde.fr/en/international/article/2023/10/17/support-for-hamas-persists-in-the-west-bank-amid-resentment-and-fear_6181015_4.html)
* [https://www.reuters.com/world/middle-east/hamas-sees-west-bank-battleground-with-new-israel-govt-2023-01-18/](https://www.reuters.com/world/middle-east/hamas-sees-west-bank-battleground-with-new-israel-govt-2023-01-18/)
* [https://www.washingtonpost.com/world/middle\_east/hamas-israel-west-bank-abbas/2021/06/03/cf19f2cc-c275-11eb-89a4-b7ae22aa193e\_story.html](https://www.washingtonpost.com/world/middle_east/hamas-israel-west-bank-abbas/2021/06/03/cf19f2cc-c275-11eb-89a4-b7ae22aa193e_story.html)

and because you like to massage those Hamas b\*lls:

* [https://www.aljazeera.com/news/2023/10/17/pa-forces-fire-tear-gas-at-west-bank-protesters-after-gaza-hospital-strike](https://www.aljazeera.com/news/2023/10/17/pa-forces-fire-tear-gas-at-west-bank-protesters-after-gaza-hospital-strike)
* [https://www.aljazeera.com/opinions/2021/10/23/fears-of-hamas-takeover-of-the-west-bank-are-exaggerated](https://www.aljazeera.com/opinions/2021/10/23/fears-of-hamas-takeover-of-the-west-bank-are-exaggerated)

All of these articles describing that Hamas has a lot of popular support in the WB.  

So, no one really takes you seriously.",2023-10-22 14:07:05
Loads of historical ‚Äúcontext‚Äù posts from Gaza/Hamas supporters incoming.   (Which may have been your intention?),2023-10-22 11:20:16
"So what should we do? Ethnic cleansing?
How about nuking them?",2023-10-23 18:08:46
More slavery for sure!,2023-10-22 15:38:31
Less blood for sure,2023-10-22 23:02:22
"I wonder why they sympathize with Hamas? Why they wish Hamas was ruling them?

Don‚Äôt you think that those are the results of apartheid regime? Don‚Äôt you think the way the brutal occupation makes them wish Hamas has power there?

Supporting Hamas is completely different than being Hamas with tons of rockets. Can you tell me how many rockets launched from the wedt bank?",2023-10-23 20:54:57
"Of course not, but Israel shouldn‚Äôt back down. Not now, not ever.",2023-10-23 20:44:22
"supporting Terrorism is better than being a terrorist? 

Do bombs count? a bit over 100. I'm sure you know of the IEDs being thrown into Beitar, Elazar, Efrat as the news by has been reporting ALL the details of the war to you.

Or can it be that you have limited access to the facts. What else do you not not know? Yet you assume Israel = Bad. Supporting Hamas = good.",2023-10-24 01:40:36
It should kill every single hamas fighter but no civilians no children,2023-10-23 20:52:00
"That is the goal. But don‚Äôt forget, Hamas sent a rocket to their own hospital. Hamas does not care about the Palestinians, at all.",2023-10-24 19:31:39
Not true. Read nytimes article.,2023-10-25 14:11:48
"Its fairly common, leftist subs here are straight up ignoring hamas attack, acting like the videos dont exist.

On the other hand i am guilty of this bias too, just from the other side. Idf did some questionable things, but do i want to see a nuclear crater in gaza? Absolutely.",2023-10-18 03:30:48
"The people on ""side A"" are the ""good guys"". They believe in what's ""right"" and they're against what's ""wrong"". And since they're the ""good guys"" they're entitled to say or do whatever nefarious, dishonest thing they feel is needed to control the narrative.

Then there's ""side B"". The people on ""side B"" are the ""good guys"". They believe in what's ""right"" and they're against what's ""wrong"". And since they're the ""good guys"" they're entitled to say or do whatever nefarious, dishonest thing they feel is needed to control the narrative.

This is true for most controversies, disagreements, political parties or conflicts, and Israel vs. Palestine is no different.

Topical media in general, but especially social media, is still fairly new to society. Perhaps one day we'll all wake up and figure out how to think critically, evaluate sources, change our minds when we're wrong, and start looking for the truth in the middle where it usually lies. But today is not that day, and the assorted rhetoric and persuasive gibberish we're constantly bombarded with must be taken as its own data point and never at face value. It's exhausting and often simply depressing.",2023-10-18 15:32:59
It‚Äôs pretty funny that terrorists who kill anyone suspected of being LGBT in their own country can invade another and completely destroy democratic socialist communes and the democratic socialists side with terrorism,2023-10-18 10:30:22
They cant comprehend that a weaker side can be wrong. They see oppression and then they warp reality according to their virtues.,2023-10-18 10:33:01
They literally attacked the hippie peacenik festival and the surrounding kibbutzim‚Ä¶,2023-10-18 12:13:13
"Kibbutzim = commune 

Ppl don‚Äôt know that.",2023-10-18 12:22:47
"kill jews...something....profit

they want a kaliphate. they want to show example to other muslim maniacs that it can be done, and convince them to join in the party. I'm sure they are really sore now that hezbollah is only half ass fighting.",2023-10-12 17:35:08
"I think their historic tactics speak for themselves. 

1: Attack a helpless civilian population, kidnap people, retreat back to Gaza.

2: Use captives and high population of civilians to hide. 

I don‚Äôt think they thought this attack would be as successful as it was - which leads to; I don‚Äôt think they thought Israel would respond as harshly as they are. 

Ultimately, I think Hamas is willing to sacrifice as many civilians as it takes for them to remain in power. Their actions caused 1,200 Israeli deaths and 1,500 Palestinian deaths. Both sides will lose much more before this is over. 

Israel has to end Hamas to make sure this never happens again. 

Bad spot to be in for both sides. Too much loss of human life. Sad to see where this goes from here.",2023-10-12 19:01:56
"This conflict is about IRAN vs SAUDI ARABIA.  

Iran funds Hamas to stir up trouble and to prevent Saudi Arabia from normalizing relations with Israel.  Crown Prince Mohammed doesn‚Äôt care about the Jew conflict.   He just wants to do business.",2023-10-12 18:55:15
"Did you read the news on Saturday? They did exactly that. They seized almost all kibbutzim and IDF bases around gaza and tried to hold on to them. They failed. 
It‚Äôs not that they don‚Äôt try; it‚Äôs that they are very lightly armed, have terrible tactics and no discipline, and actually WANT TO DIE. They run into battle shooting without aiming, shouting to Allah at the top of their lungs to make themselves easy targets. They went into battle with no food or water or ammo. They have no logistics to supply an assault. 
So on top of being hateful murdering bigots, Hamas are just stupid. So they will all die now and take a huge number of their families with them as unwilling human shields. 
Every person that dies in Gaza now was killed by Hamas, regardless of whose weapon killed them. 
As sure as Hirohito destroyed Hiroshima and Hitler destroyed Germany, Hamas is destroying Gaza.",2023-10-13 07:22:30
"How many of those 1500 Palestinians are affiliated with terrorism? (Genuine question I didn‚Äôt see any numbers the media lumps them together) 

In Israel they said upwards of 1500 Hamas bodies that came across the border ( I know these aren‚Äôt counted) 
I‚Äôm Israel the 1200 number was civilians slaughtered at home. The soldiers are accounted for separately and daily updates are posted by the IDF with names of soldiers",2023-10-12 22:31:08
Because they don‚Äôt have a chance. They need to fight a guerrilla war,2023-10-13 03:30:26
https://preview.redd.it/x2h4zre4nztb1.jpeg?width=828&format=pjpg&auto=webp&s=9141c796ad65a077806b2b55f04a7eeb2ca30c2f,2023-10-13 11:26:53
"If they win the war, their funding stops. Can‚Äôt throw it all in, have to play the victim card to keep money flowing in",2023-10-12 17:58:17
"Individually, the goal is to kill Jews and be martyred. The collective end goal is genocide, but Hamas isn't really in a position to be expanding beyond the Gaza border. 

The main infrastructure that hamas has is the tunnels underneath Gaza. They use the tunnels to freely move under the city, attack and retreat. That means most of Gaza's infrastructure has a military target under. Probably part of hamas' long game; It creates more support for Palestine when Israel bombs them, the victims are considered martyrs and some of the survivors become hamas.",2023-10-12 23:02:15
"If they fight on open field well, it will be an easy picking for the IDF",2023-10-13 05:05:11
cowards,2023-10-14 14:54:20
... no.  It's just asymmetric warfare.,2023-10-14 03:23:45
Well said.,2023-10-12 20:29:47
Nailed it.,2023-10-13 17:53:32
"In civilian houses they are also easy picking, but at the expense of innocent lives. How come they fight in a way that maximizes suffering on their own people, without any benefit?",2023-10-13 07:55:41
"Because they don't care about the people, and this fight isn't about people",2023-10-13 12:22:20
[removed],2021-11-27 03:39:56
j,2021-12-16 23:06:59
"Lol, [www.reddit.com/comments/**watch**](https://www.reddit.com/comments/watch) is the URL.",2022-05-25 10:19:23
"Your submission has been removed due to your account not having at least 10 karma (combined post and comment). **Please note** that _only_ post and comment karma count on Reddit - awarder or awardee karma do not contribute to your score. We encourage you to participate in communities of things you find interesting first in order to build up karma. For more information, please see [here](https://redd.it/71to9t). You may still [PM users who post](https://redd.it/3l79t4)  There will be no exceptions to this rule.  Please do not spam modmail with requests to release your content.  Thank you.

*I am a bot, and this action was performed automatically. Please [contact the moderators of this subreddit](/message/compose/?to=/r/r4r) if you have any questions or concerns.*",2021-11-27 03:39:56
Retarded bot.,2022-01-15 09:17:59
[removed],2021-11-27 03:39:56
j,2021-12-16 23:06:59
"Lol, [www.reddit.com/comments/**watch**](https://www.reddit.com/comments/watch) is the URL.",2022-05-25 10:19:23
"Your submission has been removed due to your account not having at least 10 karma (combined post and comment). **Please note** that _only_ post and comment karma count on Reddit - awarder or awardee karma do not contribute to your score. We encourage you to participate in communities of things you find interesting first in order to build up karma. For more information, please see [here](https://redd.it/71to9t). You may still [PM users who post](https://redd.it/3l79t4)  There will be no exceptions to this rule.  Please do not spam modmail with requests to release your content.  Thank you.

*I am a bot, and this action was performed automatically. Please [contact the moderators of this subreddit](/message/compose/?to=/r/r4r) if you have any questions or concerns.*",2021-11-27 03:39:56
Retarded bot.,2022-01-15 09:17:59
[removed],2021-11-27 03:39:56
j,2021-12-16 23:06:59
"Lol, [www.reddit.com/comments/**watch**](https://www.reddit.com/comments/watch) is the URL.",2022-05-25 10:19:23
"Your submission has been removed due to your account not having at least 10 karma (combined post and comment). **Please note** that _only_ post and comment karma count on Reddit - awarder or awardee karma do not contribute to your score. We encourage you to participate in communities of things you find interesting first in order to build up karma. For more information, please see [here](https://redd.it/71to9t). You may still [PM users who post](https://redd.it/3l79t4)  There will be no exceptions to this rule.  Please do not spam modmail with requests to release your content.  Thank you.

*I am a bot, and this action was performed automatically. Please [contact the moderators of this subreddit](/message/compose/?to=/r/r4r) if you have any questions or concerns.*",2021-11-27 03:39:56
Retarded bot.,2022-01-15 09:17:59
"https://preview.redd.it/ir8619aqn11c1.jpeg?width=1080&format=pjpg&auto=webp&s=39c0ff2bb56f9b00f1b6dc7d0846a154e8d2f052

This is my answer to ""white colonialism"". Show me another colonialist who can read a 1500 year old rock in his colony. I can read those rocks, can the Palestinians read them?",2023-11-18 00:42:46
I don't think those can read; sad beasts,2023-11-18 07:10:44
"This isn‚Äôt really a big war with lots of subreddits like Ukr v Rus‚Ä¶. This is just going to be Israel stomping the Palestinians into the ground after Hamas caught them with their pants down, I wouldn‚Äôt be looking too much into it bud‚Ä¶ no one wants the Palestinians, even Arab nations aren‚Äôt taking Palestinian refugees because no one wants them in their own countries.",2023-10-31 14:14:46
Yes they exist but sharing them here would get them brigaded,2023-10-31 14:22:51
Don‚Äôt be afraid to stand up for what is right brother.,2023-10-31 14:44:22
Stop eating what they push on your plate and open your eyes by doing research.,2023-10-31 13:40:07
"I think not looking too much into it will gain us a lot of harm in the future. Because what‚Äôs happening is that while some may have learned from ISIS, there‚Äôs a new generation of curious explorers who are dangerously equating standing up for human rights with being a Hamas sympathiser. Well, as in, get enough likes, and it validates some psycho idea they may have as the coolest thing to do.
When ‚Äúremember our martyrs‚Äù is projected on college campuses, that is designed to take those young minds into the direction that blowing oneself up is totally cool, bro! 
Online likes and shares and comments to help Israel can‚Äôt have enough allies when faced with the propaganda machine which is the russian-enabled pan-Arabic behemoth.",2023-10-31 22:26:08
Just wait till Iraq gets a nuke.,2023-11-01 19:31:38
dm?,2023-11-02 10:06:43
Right but the point I‚Äôm making is that this isn‚Äôt going to be a 2+ year long war of attrition like we‚Äôre seeing in Ukraine‚Ä¶ Israel got caught with their pants down and now they‚Äôre on a devastating offensive and the world backs them‚Ä¶. We don‚Äôt need 25 subreddits about what happens in a small place like the Gaza Strip‚Ä¶ there‚Äôs just not enough news to require that.,2023-11-01 19:36:46
"Do u mean Iran? We‚Äôre actually allied with Iraq now‚Ä¶. And if you‚Äôve been keeping up with events, Iran attacked US troops in Syria like a week ago and got their shit kicked in.",2023-11-01 19:33:41
Message me,2023-11-02 10:14:09
"For your and mine sake I hope you are right as well as everyone else who believes that things will settle down and go back to normal. But I am afraid that before this happens, there will be drastic terrorist acts upon innocent people in places even far away from the conflict in Gaza. The cost at which ‚ÄúI told you so‚Äù, well, I hope that you are right and there will not be much more. And I hope I am wrong, I do not want to fear-monger but the warning signs across the world and my experience with knowing what effect RF propaganda had in mobilising the crowd to carry out evil, it is concerning.",2023-11-01 20:11:16
yeah misspelled. but samqe shit if you belive you go to hraven for killing you will do it.,2023-11-01 19:49:54
"Oh things will not be settling down world wide any time soon‚Ä¶ China is just sitting and waiting for the right time to finally go after Taiwan and that will put America at war with China almost instantly, because like 80% of our advanced microchips that go in our cellphones, car computers, regular computers‚Ä¶ pretty much all of our electronics come out of Taiwan and that would tip the scales drastically in the balance of power between the US and China which is something America can‚Äôt allow. Personally, I‚Äôd say it‚Äôll happen sometime in the next 10 years‚Ä¶ especially if Ukraine loses this conflict‚Ä¶ Israel is going to stop the Palestinians into the ground‚Ä¶ the real wars are on the horizon.",2023-11-02 05:24:23
its like israls pants were down you sais kuz they had to get a rubber so Iran and Hezbollah dont fuck them and also forgot existenc of satalites. I mean they can take it on for now.,2023-11-01 20:00:46
"If Iran gets a nuke, both the US and Israel which both already have multiple nuclear weapons will turn that country to glass‚Ä¶ they will need to secretly make multiple nuclear weapons‚Ä¶ like enough to take on the US and Israel at the same time without either countries‚Äô powerhouse intelligence agencies finding out‚Ä¶ they will also need a way to strike America which they have no missiles capable of even delivering a nuke to the US‚Ä¶ Israel, sure, but the US deff not.",2023-11-02 05:29:11
"Everyone said her body in the truck was already a corpse :(   
RIP, such a beautiful young soul lost all so that HAMAS could get a chance to kill even more young people and children - mostly in Gaza.",2023-10-18 12:04:39
"The only thing we will possibly hear is that she is ""killed"" in an idf strike. She is dead, we saw her corpse that was raped to death. 

Hamas stated she is alive because they need a pr points and hostages, even if they are fictional. They refused to provide any evidence, only thing provided is their word, of course the mother jumped on it, its her only hope.",2023-10-18 16:09:17
"If you watch the videos with her mother saying she has reason to believe she's still alive, her face, voice and demeanor is very much of someone who has been destroyed inside and is an empty husk, she seems so vulnerable and perhaps clinging on to a false hope that she herself deep down knows is false information. I doubt very much she is alive.",2023-10-19 05:24:42
"I‚Äôve been wondering about Shani since I first saw that horrific clip of her. I feel so awful for her family, especially her mother (and all the other innocent souls who have been caught up on both sides of this massacre). It was obvious poor Shani was deceased in the back of that truck; that POS next to her was tightening his grip around her neck with her top, and you could see a bullet hole in her head. Even if she did somehow manage to survive the bullet, there is no way she would be the same Shani. This is all so awful.",2023-10-20 08:08:28
The video is on kaotic.com.  She is clearly dead her leg has been broken at the hip and twisted backwards. Her skin is discolored and in rigor mortis.  Her family is being extorted for money buy lies of her being alive.,2023-10-19 15:04:51
"look at this photograph: [https://nypost.com/wp-content/uploads/sites/2/2023/10/NYPICHPDPICT000057977759-6.jpg?resize=1024,683&quality=75&strip=all](https://nypost.com/wp-content/uploads/sites/2/2023/10/NYPICHPDPICT000057977759-6.jpg?resize=1024,683&quality=75&strip=all)  


you can see shani louk (i think) a bit before the truck scene, she has not the broken leg (according to me) same guys same position and at least one of the legs was broken after this photograph and before the truck video but still there is no sign of bleeding... really bad sign",2023-10-21 13:48:25
It is now confirmed that she is dead. They found a part of her skull and did a DNA test with it. I think I read that they found a lot of body parts (it is inplied from other people as well and have to look now who is who). R.i.p.,2023-10-30 11:25:31
[deleted],2023-10-21 23:34:55
"[Shani Louk, 23-year-old kidnapped by Hamas from music festival, found dead, Israel says](https://www.cnn.com/2023/10/30/middleeast/shani-louk-dead-israel-intl/index.html)",2023-10-30 11:23:32
"Pretty much how I saw it. If she was alive, she would be dead before she was back in Israel",2023-10-18 18:50:51
[deleted],2023-10-20 04:43:55
Why do some people spread the claim that she was raped? There is literally no proof of that..,2023-10-21 04:07:51
Maybe she knows it's bullshit but is singing Hamas song in hopes of getting her body back.,2023-10-25 05:19:01
See my post above.,2023-10-20 04:44:42
"I‚Äôve been looking for updates every single day on her. She was very obviously deceased. You‚Äôre absolutely right. I was able to piece some photos and pictures of her in a timeline and I‚Äôve come to the conclusion, she was shot in her car then dragged out, thrown into the truck. Originally her legs weee not mangled, some time after the first photo of f the truck then the footage, then her legs were broken, they probably tried to get her legs in to shut the rear truck tailgate, but then ultimately kept it open. Sickening.",2023-10-20 11:17:55
[deleted],2023-10-20 04:45:42
Ugh. So sad‚Ä¶ At least her family has concrete proof now. So heartbreaking all around.,2023-10-30 17:13:12
What is the name of the Twitter account? can you share the link?,2023-10-22 07:18:04
"My point is, there is no chance she is alive. That video with her was pretty clear.",2023-10-18 23:54:51
It‚Äôs beyond sad. I feel so bad for her loved ones.,2023-10-20 17:12:47
"Do you know why there are broken and disfigured legs found exclusively on corpses of stripped pretty girls in warzones? It happens when the girl is resisting the rape, she cant kick if her legs are broken. 

What do you think happens when animals high on bloodlust find an attractive western girl?",2023-10-21 04:12:14
"Hey I can add to that, I am close to 100% certain I read some news articles claiming she was born in Beijing, maybe you can research that",2023-10-20 06:17:31
"If you do find any update on her, please do share it. You know how individual cases capture your heart; she is one that has captured mine and I cannot get over how appallingly her body was treated when she was paraded around on that truck. I have a daughter and I cannot imagine how I would react if I saw someone desecrate my child like that. Too many innocents have been slaughtered by these vile creatures on both sides. There are no winners in war.",2023-10-20 12:00:35
"Unfortunately , that‚Äôs the conclusion I came to last night also. It was very disheartening‚Ä¶ 

Some good news on hostages. They released 2 American hostages this morning. A mother and daughter. So there may be hope for other hostages when it was looking really bad there for a while.",2023-10-20 17:11:00
What the fuck are you trying to talk about?,2023-10-25 03:42:07
[removed],2023-10-22 14:13:15
That looked like a GSW and she did not move a cm.,2023-10-19 00:20:18
"Her legs were actually fine, and then in a clip moments later looked shattered as they were broken to fit her in the bed of a pickup truck and close the back",2023-10-22 10:39:55
"Honestly, I don‚Äôt know anything about the corpses of attractive women found in war zones. I‚Äôm not saying she wasn‚Äôt sexually assaulted. I‚Äôm asking for the proof of this claim, not your speculation.",2023-10-23 10:19:15
"And the passport that was circulated has whited out the address where she lives and where she was born.

Perhaps the relatives are trying to use Germany to dive in. I feel like thinks Israel‚Äôs and Palestine‚Äòs war, we can watch - but should we all get physically involved?",2023-10-20 06:46:27
Absolutely. All of this has been just completely disgusting.,2023-10-20 12:06:09
"I saw that! I don‚Äôt know why, but I am deeply affected now more than the have ever been in my life. I know this is controversial, but I can‚Äôt pick a side. I just hate innocent people being hurt like this, I DO NOT CARE WHAT SIDE YOU‚ÄôRE ON!!! The his should not happen to innocent people no matter what! I AM ABSOLUTELY SICK FOR HUMANITY!!!!",2023-10-20 17:43:37
That‚Äôs not Shani. She doesn‚Äôt have dreadlocks.,2023-10-22 14:52:20
"How can you tell the legs were fine before they they boarded her corpse? It doesnt even make sense, her legs could be hanging from the edge of the car or bent in the knees to fit there. Theres no reason for breaking them to fit her in there. You can arrange the corpse however you want, breaking her legs has no purpose in your scenario.",2023-10-22 10:43:52
Some mysteries just solve themselves. What if they just found her this way? Do we have a proof she was actually killed by hamas?,2023-10-23 10:39:14
I‚Äôm not sure if you‚Äôve seen but sadly Shani has been confirmed as deceased. A group of aid workers (I believe) have found a piece of skull without which a person could not survive. DNA analysis has matched it with Shani‚Äôs. Terribly sad outcome.,2023-10-30 08:23:04
"Oh I totally agree. There is no ‚Äúcorrect‚Äù side; both are guilty of crimes against innocents. Thousands of men, women and children have been slaughtered needlessly in this massacre on both sides. The number of civilians dead is too great; families torn apart by greed and evil. There is no winner here; just mountains upon mountains of bodies, killed for ‚Äúrevenge‚Äù. War breeds war, never peace.",2023-10-30 10:01:37
[deleted],2023-10-22 15:54:53
"I was obviously not there so I don‚Äôt know what occurred and neither do you, I‚Äôm just saying there were photos from before the infamous video where her legs looked fine and VERY different from the video. Looked as though it was moments before. That‚Äôs all",2023-10-22 23:41:39
"I‚Äôve been reading reports but it‚Äôs hard to sift through some that are clearly inaccurate. Some reports said they found her skull, some say just a sliver of a skull. This is so awful regardless. I hope they find her body and can have some closure and a proper burial for her üòû",2023-10-30 10:34:06
"Nope, I‚Äôve had friends with dreads before. Looks totally different than Shani.",2023-10-22 17:27:43
"Strange, i never saw those photos and i thought i ve seen everything. I am reguraly searching here, twitter and 4chan for info and nothing.",2023-10-23 02:12:21
Too true. Many people won‚Äôt have any piece of their loved ones‚Äô body at all. I hope that whatever there is of Shani will give her family some comfort and closure. RIP Shani.,2023-10-30 10:43:42
https://preview.redd.it/osc3vf6msxvb1.jpeg?width=1290&format=pjpg&auto=webp&s=59245f80c221b6bd4426cb0aaaace19f55499cea,2023-10-23 07:22:28
"The leg is straightened, it can be broken even in here. But yeah, from this photo i wouldnt guessed any damage to the leg too.

Also, from this position they could just bent the knee, why would they break it in two or three spots? Second leg needs to be somewhere too.",2023-10-23 07:35:32
"Maybe they wanted to do even more damage before parading her in the streets, god knows. People have also said that when a limb is broken and there‚Äôs no hematoma or swelling, as seems to be the case here, it means it happened after death (no more blood circulation).",2023-10-23 09:18:45
