Subreddit,Title,Flair,Date,Body,Comment
IsraelPalestine,"Hamas is a TERRORIST org like ISIS, Al Qaeda or Taliban",,09/10/2023 16:58:16,"People are forgetting that Hamas is as much a terrorist organization as ISIS or Al Qaeda or the Taliban

Hamas has actively killed any political rivals such as Fatah as they are not Islamic enough. This is what the Taliban and Daesh do, kill any peaceful political Muslim rival parties and use Fascism to get into and maintain power under the guise of religion. 

This is a catastrophic shortsighted blunder by Hamas, not only are they descending upon Israelis like ISIS style Jihadis, the whole world will see the obvious terror outfit this organization is. Muslims will make themselves more liable by siding with Hamas as they lack the nuance to see Palestine without a terrorist organization like Hamas being it's representative.

Most are too politically naive to realize that you don't poke a bear you can't fight. These guys have a few rockets and Iran backing them for their own nefarious political gains, that don't even align with the Palestinians long term safety in mind. You really think you can yell Allahu Akbar and take on the Israeli or US militaries. Do you want them to carpet bomb you? Hamas is being as suicidal and as unplanned as you'd expect from typical inbred Jihadis. 

This has never been a simple battle between Palestine and Israel. Israel is a strategic country, almost like a forward operating Base and it's existence will be maintained no matter what by western nations for their control in the middle east. Are Muslims this politically naive? Look at social media right now 

You don't mess with Nuclear armed nations. Hiroshima and Nagasaki happened barely 70 years ago.

Edit: For reference I'm an ex Muslim from Pakistan who grew up supporting Palestine his whole life only to realize that Hamas and Palestine is just a front for Jihadis","['Hamas definitely not winning any hearts and minds around the world with their level of indiscriminate, barbaric savagery against innocent Israeli civilians including women, children, and the elderly, but also foreign nationals. ðŸ¤¦ðŸ’©ðŸ’©', 'No videos of Israelis launching rockets at Gaza shouting ""god is great!"" while women and children die. Keep in mind, one side goes through great lengths to protect their women and children through the Iron Dome from wanton aggression. The other side hides their combatants behind their women and children, and that tells you almost everything you need to know.', ""That's why we all feel like we are taking crazy pills! The goal of Hamas is to massacre Jews not establish a thriving Palestine state! Hamas and Hezbollah serve the interest of Iran."", 'Yes! Thatâ€™s what people are forgetting because I grew up in the 80s where it was very very common for hamas To kidnap American citizens off the street in Beirut Lebanon. People have forgotten that.', 'Hamas are dogs and need to be threated Like dogs', ' \n\nI think Rabin got it right...\n\n>""Until 1967, Israel did not hold an inch of the Sinai Peninsula and the West Bank, the Gaza Strip or the Golan Heights. Israel held not an acre of what is now considered disputed territory. And yet we enjoyed no peace.  \nYear after year Israel called for pleaded for â€” a negotiated peace with the Arab governments. Their answer was a blank refusal and more war... The reason was not a conflict over territorial claims. The reason was, and remains, the fact that a free Jewish state sits on territory at all.""  \nYitzhak Rabin', 'I think it goes without saying that Hamas and Palestine are not the same thing. however, my understanding is Hamas was the â€œelectedâ€ (I donâ€™t know the circumstances of how that happened) government of Palestine and for the most part, no one speaks out against them. \nThat all being said, I donâ€™t see how anyone comes away from what just occurred in Gaza as a success or anything to be cheered, itâ€™s one thing to â€œfight the powerâ€ and be the rebels to the western empire, itâ€™s another to target fully civilian populations and murder indiscriminately (thinking mainly about the music festival). It doesnâ€™t help that some groups immediately jumped to â€œIsrael started itâ€ rhetoric, I understand the rebels fighting the empire (sorry for the Star Wars referenced) mentality, I donâ€™t understand seeing what Hamas did as anything except terrorism. \nI sincerely hope that retribution is not taken on the Palestinian civilian population for what Hamas did, those lost lives lay squarely on Hamasâ€™ shoulders. I just wish I saw more Palestinian voices speaking out and decrying what took place/ condemning Hamas. Entirely possible I just havenâ€™t seen those voices. \n\nFull Disclosure: this is my raw opinion on the matter, only got up to speed today on everything going on. Iâ€™m not saying this is 100% correct so if you have anything to add or correct, please feel free.', 'regardless of who you ""support,"" the terrorists have committed heinous acts. If the Palestinians have any decency, they will kill the terrorists or turn them themselves. I will tell you a little anecdote from my country where a criminal ran rampant; after many years of the government going after him, he successfully evaded them by running to the hills and Forrest, with, of course, help from the locals. Then, after the government caught on what was happening, they decided to educate the citizens by explaining what he was doing was wrong, even if they supported his cause because no one should harm innocent people while fighting the government. So then people didn\'t listen and kept aiding him, and in return, the government came up with a plan to make them turn in the criminal. So they began to cut off supplies to the towns and people, and slowly, their unwavering support died, and they promptly turned in the criminal without a single gunshot. I think all Palestinians should be aiding Israel by doing the right thing, which is eliminating terrorists, a common enemy to all humanity. I pray and hope for world peace.', 'The Palestinian supporters on my social media are saying â€œIsraelis donâ€™t care about their hostages because they are bombing Gaza (with a Hamas fighter here or there). Israel just wants destruction.â€ I was flabbergasted when I read that. First by saying so casually a Hamas fighter here or there bc Hamas actually did bomb a Gaza hospital so thatâ€™s their justification. And second, I promise as a non Palestinian Muslim woman posting that, if you were there in the country you would NOT be spared by Hamas even if you shared their religion. The supporters are protesting while going back to their comfy homes in the States not even comprehending that if Hamas was in the States, even if you supported their country for â€œresisting against oppressionâ€, they would literally not spare you.', 'Hamas is aided by Iran .']"
IsraelPalestine,Is IDF a terrorist group?,,17/11/2023 09:46:32,"Another funny claim by Muhammed Hijab is that IDF is a terrorist group because they killed X amount of people.   
This needs to include the basics of our law systems and basic logic.   
Let's start with a basic example: 

1. One person woke up to find an intruder in his home aiming a gun at his wife, he shot and killed the intruder.
2. Someone goes to a shop for a robbery and, in the process, murders the shop owner.   


Are they both having the same responsibility? Are they both murderers? Of course not!   
What does Oxford say about terrorism?

>The calculated use of violence or threat of violence to inculcate fear. Terrorism is intended to coerce or intimidate governments or societies in the pursuit of goals that are generally political, religious, or ideological.

* Does Hamas try to intimidate Israelis? Yes
* Are Hamas's goals political and religious? Yes
* Which group tries to maximize deaths, Israel or Hamas? Hamas
* Which group killed 20x more people per hour? Hamas
* Now, is Israel trying to Intimidate Palestinians? No, it tries to help them to escape. 
* Does Israel have any political goal? Besides Hamas Surrder - No.   
Using lies doesn't help the Palestinian cause; on the opposite, it takes them back and shows the absurdity of supporting their side. 

&#x200B;","['if Israel is then the USA is too, over 50,000+ Civilians killed in the Afghanistan conflict.... fat chance. This is a war like all other wars, people are just brainwashed to the wrong side to support a terrorist group', 'Yes. \n\nToday 18Nov: â€œIsrael shot and killed a child in the occupied West Bank, and when his dad went out to try and help his boy they shot him too. The Israeli army then prevented an ambulance from reaching the boy for over an hour.â€\n\nhttps://x.com/saulstaniforth/status/1725879686654251026?s=46', 'Allies killed 20,000 French civilians on DDay. Not genocide. War. American military killed about 30,000 American troops during WW2. Not genocide. War. Pakistan just displaced 1.5 million afghans. Nobody gives a shit about dispossessed people or collateral damage unless Jews do it.', 'Muhammad Hijab is one of the most dumb, provocative, narcissistic, hypocritical and delusional bully man-children in the world, who happens to be a muslim.', 'Terrorists are cowards who attack the weak and helpless and celebrate their deaths because they wouldnâ€™t dare to go against a real army. Unfortunately, the hamas gained sympathy and support of all the liberals because theyâ€™re apparently the â€˜oppressedâ€™ and the ones facing genocide. IDF is an army protecting their Country from ruthless terrorists like Hamas.\n\nNext time someone calls IDF terrorist, remind them about ISIS, Al Qaeda, Taliban, Hamas- textbook examples of terrorists.', 'No. It really is as simple as that. Any attempt to call them terrorist is just an attempt to minimize and the actions of Hamas on 10/7 and make the IDF morally the same as the savages in Hamas. Plainly they are not.', 'No it is not', 'The name Muhammad Hijab has got to be like John Smith over there', ""Terrorist is a loaded term used to denigrate the other side.   \n\nThis is not the IDF's finest day, but they are not terrorists.  \n\nNetanyahu (20+ years of illegal activity and crimes against the Palestinians) and Hamas leadership (12K+ Palestinians dead, not martyred, for no reason other than their self pleasure)...  they are criminals.\n\nIt is the leaders we should be angry with."", 'Honestly, the amount of absolute wackjobs arguing here that the IDF, the Israeli Defense Force, ie, Israelâ€™s military, is a terrorist group, is honestly just disappointing. How stupid are people? \n\nThese are the same leftists that will tell you the US military are terrorists. I honestly donâ€™t think thereâ€™s arguing with them. Like weâ€™re literally having the conversation whether the IDF is the terrorist group here, when theyâ€™re literally fighting Hamas, the one who stormed across the border, and murdered thousands of men, woman, and children in the name of god.']"
IsraelPalestine,i'm DONE with people sympathizing Hamas terrorists on hostage release video,,24/10/2023 14:30:47,"Yes. I'm talking about that video where we see the old woman saying ""shalom/salam"" to one of her Hamas captors.  
So many are saying ""Look how nice & good this Hamas terrorist is! He took an elderly woman hostage and gave her medical care, water & food. He must be such a nice person!""  


WHAT IS WRONG WITH YOU? Do you all have Stockholm Syndrome or what?? They took her hostage! Who's to say he's not one of the Hamas terrorists of 7/10? Maybe that same person killed innocent women & children!! How can you sympathize with them??","['Also her wishing him ""peace"" is a greater reflection on her than him', '\nI once killed 100 people and then resuscitated one of them. \n\nThat makes me the good guy right? Guys?', 'Released hostages have to be very careful, because if they complain about their treatment it could effect the 220 hostages that are still prisoners of Hamas. \nCurrently Hamas is holding both womenâ€™s husbands.', ""They released the first two hostages who had 10 family members still in captivity. \n\nThey released the next two hostages with their husbands still in captivity.\n\nI'll bet you this pattern continues if more hostages are released.\n\nI'd say and do whatever they wanted too if my family was still in there.\n\nIt'll be interesting what these released captives *really* have to say once this hostage crisis is over (one way or the other)."", 'They hold her husband there also.\n\nIt could be true that a Hamas personnel responsible for the hostages was â€œniceâ€ so what? Does that make them burning babies, children, women, elderly and entire families a good thing? They didnâ€™t want the hostages to die as they are worth more alive, both for PR and for trade.\n\nPeople who think Hamas are anything short of the worst scum of the earth are delusional and shouldnâ€™t even be dignified with a discussion.\n\nImagine protecting naz**s because there was a nice guard in auschwitz .', 'Her husband is still being held hostage. If she says anything bad, who knows what theyâ€™ll do to him.', 'They have her husband still in custody. Of course sheâ€™s being â€œniceâ€ to them. Itâ€™s fallacy', '[deleted]', 'Important to add that her husband is still being held captive, so things she may be saying could very well be in part while under duress.\n\nWholly agreed that there is an absurd, massive effort to try and salvage Hamasâ€™ reputation.', 'She knows there are still hostages there and she is saying â€œpeaceâ€ to the terrorist.  Thatâ€™s the best possible thing to do in that situation.  Peace is her message.']"
IsraelPalestine,Are Amnesty international terrorist supporters?,,21/10/2023 15:16:58,"https://www.amnesty.org/en/wp-content/uploads/2022/02/MDE1551412022ENGLISH.pdf

My pro-terrorist friend linked me a 280 page report by Amnesty International (2021) where they accuse Israel of silly nonsense.

Are Amnesty International, the UN and the HRW biased sources? He also says that Israel has been condemned by The Human Right Watch and the UN. For â€œwar crimesâ€ lol. Someone please tell me how to respond to him, Iâ€™m not well educated on the topic. Is the report false, are the â€œwar crimesâ€ justified responses to Hamas, whatâ€™s the context?","['I wouldnâ€™t necessarily call them terrorist supporters but they definitely are biased, either against Jews, or in favor of Muslims. \n\nAmnesty once refused to have a campaign against antisemitism. They said that they preferred to focus on human rights more broadly, and not for any one specific group. \n\nThis excuse later turned out to be a lie, when they had a campaign specifically against Islamophobia.', 'Regarding the UN I think this was an important admission from their own secretary general just before he stepped down:\n\n[https://www.i24news.tv/en/news/international/132801-161216-un-secretary-general-disproportionate-number-of-resolutions-criticize-israel](https://www.i24news.tv/en/news/international/132801-161216-un-secretary-general-disproportionate-number-of-resolutions-criticize-israel)\n\n&#x200B;\n\n*""Decades of political maneuverings have created a disproportionate volume of resolutions, reports and conferences criticizing Israel,"" UN Secretary General Ban Ki-moon said on Friday.*  \n*Speaking in his final address to the UN Security Council on the Situation in the Middle East at the end of his ten-year term, Ban noted that ""In many cases, rather than helping the Palestinian cause, this reality has hampered the ability of the UN to fulfill its role effectively.""*  \n*Israel\'s Ambassador to the UN Danny Danon slammed the UN\'s ""hypocrisy"" but said that Israel looks forward to a new era after Former Portugal Prime Minister Antonio Guterres assumes the role of UN Secretary General on January 1st.*  \n*""The Secretary General admitted the clear truth, the UN\'s hypocrisy towards Israel has broken records over the past decade,"" said Ambassador Danon. ""During this time the UN passed 223 resolutions condemning Israel while only eight resolutions condemning the Syrian regime as it has massacred its citizens over the past six years. This is absurd.""*', '>My pro-terrorist friend\n\nWhy do you even have pro-terrorist friends?', ""Apartheid is one of the many lies and slurs spread by the enemies of Israel to demonise it and pave the way for its destruction.\n\nIsrael is not an apartheid state for the 20 per cent of its citizens who are Arabs. Israelâ€™s Arab minority participates fully in the political process. Arabs in Israel have more fundamental rights than other Islamic and Arab countries in the Middle East.77 per cent of the Arab citizens of Israel say that they prefer living in Israel to any other country in the world.\n\nHere's why the Amnesty report is a lie.\n\n[https://www.bicom.org.uk/wp-content/uploads/2022/11/BICOM-AS-Update-NOV-2022-3.pdf](https://www.bicom.org.uk/wp-content/uploads/2022/11/BICOM-AS-Update-NOV-2022-3.pdf)\n\nThere's an executive summary if you don't want to read the whole report. Or Google Israel apartheid smear.\n\nOr watch this http://www.wilf.org/English/2015/01/07/israel-apartheid-smear/"", 'We had discussions about the amnesty reports on this sub, feel free to search it up. Spoiler*, yes it did have inconsistencies and fell flat in a handful of accusations.', 'Yes.', 'When a human right want to get known, they need to gather information about what is going on in the conflict.  A lot of those organization wont try to find the information themself but ask someone who is part of the war. Thats how they publish propaganda when they think they showing the truth. One more thing, when you fight a terrorist  organization that ignore the rules of war and they dont even try to hold them acountable for their war crime but blame everything on one side, and that happened a lot when israel are is part of the conflict', 'Yes, as well as the UN (look what unobjective countries make up the UN).', 'They supported Putinâ€™s invasion of Ukraine until getting backlash for it', 'Yes they are.']"
IsraelPalestine,Not every arab is a terrorist while most terrorist are arabs?,Discussion,15/10/2023 12:17:05,"While it's not true that all Arabs are terrorists, it's undeniable that most terrorists are Arabs. This is an agenda that cannot be ignored, and it's essential to acknowledge the role that Arab individuals play in terrorist activities worldwide, or at least being in a spotlight more than others.

While it's not fair to generalize all Arabs as terrorists, it's essential to recognize the reality that most terrorists come from Arab backgrounds. It's important to understand the reasons behind this, such as socio-economic factors, political instability, and religious extremism.

Arabs make up a significant portion of the global population, and it's crucial to recognize that the majority of them are peaceful and contributing members of society. However, it's also essential to acknowledge that there is a problem with terrorism in the Arab world, and it's an issue that needs to be addressed.

Ultimately, it's essential to treat all individuals with respect and dignity regardless of their background or ethnicity. However, it's also crucial to recognize the reality that most terrorists are Arabs and work towards finding a solution to this problem.","['The terrorist attacks in the last 20+ years have all been perpetrated byâ€¦ ummmmâ€¦. Buddhists? \nNoâ€¦.. Christianâ€™s..? Hmmmmâ€¦ Jews? No..\n\nCould it beâ€¦. Islam?', 'In Israel, yes, almost all are Arabs. \n\nHowever overall, when I look at the problem on a global scale, it seems that radical Islam is really the cause, not race. \n\nFor example, Pakistan also has many terrorists and they arenâ€™t Arabs. The Taliban also arenâ€™t Arabs.', ""It's a pointless agenda imo. It doesn't really help with anything. If someone isn't a terrorist and is innocent you do your best not to harm them."", ""Most people from Pakistan are inbred. Like 70%\n\nDoesn't add anything to this, just a fun number to toss around. \n\nTerrorism is an idea for those who lack the means to be a military. Arab countries tend to suck at warfare. Mainly due to their outdated hierarchies and the loyalty problem of trusting your generals to take the army and not immediately overthrow you. \n\nTerrorists get obliterated in open conflict against better equipped and trained adversaries. that's why they seek to imbed and cause mayhem to larger opponents. Most often their home counties."", 'This is the most racist post Iâ€™ve seen yet.', ""You may as well have written: While it's not true that all males are terrorists, it's undeniable that most terrorists are Male. This is an agenda that cannot be ignored, and it's essential to acknowledge the role that male individuals play in terrorist activities worldwide, or at least being in a spotlight more than others.\n\nThere was a study that showed Islamic religous observance was a terrible predictor of terrorist behaviour, the far better demographic to look at when trying to weed out terrorist recruits was young unemployed men with few prospects who reguarly played soccer."", 'How do you classify terrorism? Look at what the US has been doing in the Middle East', 'Ww3 is coming I guess', ""I guess Nazism isn't a by product of right wing extremist and the decline of Germanys economy and society as whole after the war.... Rather it's the result of Islam because they are the source of all evil.. \n\nSaudis kill 1+k in 9/11...\n\nThe US let's take that opportunity to overthrow two countries government killing in the hundreds of thousands, displacing millions and install puppet government all for revenge and some oil... (Nothing extreme or radical there)\n\nAnd plung entire populations into an extreme socioeconomic situation that leads to them to be radicalized but nope it's Islam...\n\nThese kinds of stupid obv racists based narratives don't really hold up to actual scrutiny..."", 'Letâ€™s not forget the amazing IDF and their contribution in the last 70 years of terrorism against the Palestinians and human rights violations make up for all the statistical statements you mentioned above.']"
IsraelPalestine,"Stop calling Hamas members â€œmilitantsâ€, or freedom fighters, theyâ€™re terrorists.",,23/10/2023 01:23:10,"It drives me crazy that the media almost ubiquitously decided to refer to Hamas members in the October 7th attacks as â€œmilitantsâ€. According to the EU, Canada, US, and most countries, theyâ€™re a terrorist organization.    It is not more objective to refer to them this way. Any other term dilutes the evil actions of the organization and creates a false moral equilavency. Stop distorting reality and rationalizing evil. They did not kill 1200 civilians because they were oppressed. They want to kill Jews that was their only motivation. Even as the economic situation improved in Gaza, the rockets continued.","['[deleted]', 'Hamas doesnâ€™t really care about freedom for Palestinians, thatâ€™s just a side effect of its overall mission which is to bring Islamic revolution to the world. If Jerusalem falls they will likely look toward Spain or somewhere in Europe next. People that donâ€™t understand this do not understand Hamas or similar Islamic revolutionary organization. They are hung up on fantasy narratives about the battle of Algiers that have nothing to do with the ambitions of these other terrorist organizations.', 'To see if their terrorists check their actual beliefs. They are terrorists', 'Agree the fact that some have issue with this makes me nervous', 'Agree the fact that some have issue with this makes me nervous', 'Israel might have some bad eggs. Hamas is all bad eggs.', 'I agree the distinction is in their acts. Hamas would be militants if they had decided to go after military targets and start a rebellion to throw off their oppressorâ€™s. \n\nThey decided to go after soft civilian targets and shoot innocent people in n the street. Thatâ€™s not the act of a military that is the act of a terrorist organization. \n\nThey are terrorist point blank period. Then the question is if you find that justifiable or not. Which for me seems like a pretty easy answer. \n\nI donâ€™t support terrorism.', 'Unfortunately much of the media is anti Israel. These people hold no power and will have no impact on the annialation that will soon be unleashed. The media can spin all they like but the war will be fought and won with a fury these thug terrorists have never seen. The killing of women and children will prove to be biggest miscalculation these terrorist  thugs could ever imagine. We will dance on their graves very soon.', 'Interesting that you never hear reference to the Mafia or the Sinaloan Cartel as being ""international economic consortia.""\n\nEven Palestinian advocates are trying to distance themselves from Hamas, labeling it as a criminal terrorist organization. \n\nWords matter.', 'If someone calls hamas freedom fighters does that mean the 9/11 militants are for freedom too?']"
IsraelPalestine,Why do leftists ignore the fact that Hamas is an Islamofascist terrorist group?,,15/10/2023 16:10:15,I find it odd that so many leftists support an Islamofascist terror group like Hamas whose aim is not just to destroy the state of Israel but to kill every Jew on earth and which wants to replace Israel with a version of Iran where women are imprisoned for wearing a headscarf incorrectly and where gays are thrown off buildings.,"['Itâ€™s because leftists view everything with an American-centric view where everything is based on skin color. To them, Israel is a white colonial power and Hamas represents the resistance of the POC. If only they knew that a majority of Israelis are non-whites such as Sephardic and Ethiopian Jews.', ""I don't know... but leftists forget that muslims drove the Africans out of the North of their own continent, kicked Christians out of Lebanon, and expelled the Jews... they have no human rights in their own countries and behave like absolute savages, I stand with Israel and whatever happens to Palestine and the neighbouring Muslim countries is their own doing, you reap what you sow"", 'Adding on top of what other comments already mentioned here, it is also due to an orchestrated propaganda campaign by the USSR to shift Western audiences views against Israel.\n\nAnd like every successful propaganda campaign, it feeds itself like a meme as time go on and people are very resistant to accepting that their views aren\'t organically theirs and that a part of it is brainwashing (even if indirectly).\n\nThese people will simultaneously think that even though the Palestinians elect Islamofascists and/or terrorists whenever given the chance, they can and should be able to be fully independent and without any supervision. Then in the next sentence they\'ll acquiesce that it\'s not such a bad idea that all the Muslims in the Arab countries around the area are ruled by despots, in the name of ""stability"".', 'Having support for the Palestinian people is not the same as supporting Hamas. Itâ€™s no different than being able to separate the Afghan people from the Taliban. And making generalized statements like leftists support them is like me saying in general that righties are racists that support the kkk and hate lgbtq. Iâ€™m sure you would hate for a handful to speak for the collective.', 'I donâ€™t support Hamas but itâ€™s worth noting that Netanyahu supported hamas for years.  And this isnâ€™t some conspiracy theory, he didnâ€™t vocally support them but worked indirectly with Egypt to make sure Hamas was still in existence.  Itâ€™s a divide and conquer approach to keep Gaza Separate from the West Bank, the Israeli government under his leadership never had intentions of peace or nonviolence.   This is why so many in Israel hate him.', ""There's a rift forming in the american democrat party.   The far left is very much pro-hamas and the moderate and center left is pro-Israel.\n\nedit:  rift in action:  https://i.redd.it/txzv0srqsmtb1.png"", ""Easy buddy. I'm a leftist and can blatantly see Hamas is aligned with Isis. \n\nHamas are  bunch of grubs."", ""It all dates back to when Nasser was in power in Egypt. \n\nBefore this most leftists were very pro Israel even back in the mandate days when Jewish terrorist were bombing stuff, a lot of Jews came from East Europe and had socialist ideas so leftist loved them regardless.\n\nNasser's socialist ideas were coupled with Pan-Arab ideas and the two ideas spread through the middle East together. e.g. the Ba'ath parties in Iraq and Syria that wanted both socialism and a unified Arab state (that included Israel). Socialists in the middle East became more interested in the destruction of Israel just because Nasser was into Pan-Arabism. And all the far leftists in the world had to change their views on Israel"", 'Just remember Hamas was democratically elected.\n\nThe people that support Hamas generally don\'t understand what they are saying. It\'s a bandwagon issue and it\'s the flavor of the month to hate on Israel. I\'ve seen people comparing 20 year statistics on Israel to what Hamas has done in a few days and saying ""See? Israel is worse."" When really, Hamas rivaled Israel\'s numbers in a few days, and are on track to pass them by ten times or more in a few months.\n\nIsrael has absolutely done some dirty stuff but they were never ""Parading naked and violated bodies around in pickup trucks"" bad. Hamas are savage terrorists and every country that matters is condemning them. And to be clear, yes I am saying that if a country doesn\'t condemn Hamas then it literally doesn\'t matter and should be ignored for the forseeable future. The adults are talking.\n\nIt is time to forget about who we ""hate"" and start focusing on the current issue. Hamas just committed one of the worst acts of terror in history, and they just gave Israel the green light to fully invade the Gaza strip and take it for good this time. And nobody in the world can say they don\'t have the right to do it now. Hamas is the official government of the Gaza strip. Democratically elected. This was an official act of war by a recognized government. HAMAS GOVERNMENT FORCES surrounded a music festival and slaughtered the concert goers. There is no more ""It wasn\'t our fault it was the terrorists"" because they ARE the terrorists.', 'Op you need to break the link between Hamas and the majority of the Palestinian people.\n\nPeople are support the Palestinian people and not Hamas.']"
IsraelPalestine,Three murdered by Hamas terrorists in Jerusalem shooting attack,News/Politics,30/11/2023 10:44:59,"Three people were killed and five other people were wounded in a shooting attack at the entrance to Jerusalem on Thursday morning, according to emergency services.

A 24-year-old woman, a 73-year-old man, and a woman in her 60s were killed in the attack, while three others were seriously wounded, and two others were in light to moderate condition.

The man murdered in the attack was named as Rabbi Elimelech Wasserman, who served as a rabbinical judge in the rabbinical court in Ashdod, according to Religious Services Minister Michael Malchieli. One of the women murdered in the attack was named as Chana Ifergan, the principal of Beis Yaakov Bnot Hadassah in Beit Shemesh. Livia Dickman, a resident of Har Nof, was named as the third victim.

According to police, two terrorists from east Jerusalem carrying an M16 and a handgun arrived at the Givat Shaul junction near the entrance to Jerusalem on Thursday morning and began firing at civilians at a nearby bus stop.

Source-https://m.jpost.com/breaking-news/article-775796","[""And people complain why Israel puts up walls and border protections. Because of exactly this. \n\nAnd people complain why Israel is bombing Gaza. Because of exactly this. \n\nThis crap has been going on since before those shooters were born. It's the parents teaching new generations that this is the way. The infectious ideology runs deeper than just Hamas."", 'It should be mentioned that both terrorists were Hamas members who had been previously released from prison.', 'Anti-Zionists call this ""resistance""', 'The young woman was pregnant!\n\nHamas have no mercy.', 'Ok so hamasâ€™ objective is clearly to keep this war going. So stupid', 'BuT tHeRe iS No HamASS in the WB. This is the typical argument from these clowns', 'If any people are curious, the video is current at the top of hot over on r/combatfootage. The attack was stopped within 20 seconds by some passing soldiers.', 'And where\'s the so called ""ceasefire""?????', 'The 24 year old woman was also pregnant. Neither her or the fetus lived\n\nEdit: since this post Iâ€™ve seen mixed info about whether or not she was killed, with the casualties on some posts being 3 and some being 2. And mixed results on whether sheâ€™s pregnant or not. If this really changes your mind whether or not this is good or bad, then gl lol. Doesnâ€™t change my mind thatâ€™s for sure\n\nhttps://www.haaretz.com/israel-news/2023-11-30/ty-article/israeli-victims-of-hamas-jerusalem-terror-attack-identified/0000018c-2032-d9ef-abcd-3e3352170000', 'Savage fuking animals.']"
IsraelPalestine,Hamas are no longer terrorists,,02/12/2023 21:56:53,"With idf being in Gaza now, hamas are now fighting in their own territory against the Zionist terrorist occupiers. So they are defending and are actually the good guys in this situation. So even if you believe Hamas was wrong for what they did on Oct 7 (I do believe Hamas made mistakes but their objective of taking hostages and attacking military was correct). The same way israelis donâ€™t condemn idf when they rape and kill children, itâ€™s the same for Hamas. There are a few bad apples in every organization. But the idea of resistance of Palestinians through Hamas is a legitimate.","[""We can have an argument for what is resistance and what an occupied people can do. The Palestinians have a right to resist their brutal occupation through many methods.\n\nBut, Hamas did not simply attack military targets. That would have been a very different equation. Not every Israeli is a legitimate target just because they're Israeli. \n\nKilling hundreds of innocents at a music festival is not resistance. Neither is killing old people in Negev kibbutzim. For all the Hebrew speakers in Hamas and their leadership, they should have known that most of these Kibbutzim are actually filled with the Israeli Left, the peace seeking leftists who would even consider living 1 km from Gaza.\n\nNone of this implies that Israel should level Gaza in retaliation or take revenge for Bibi's failure through killing Gazan children, but Hamas not being terrorists, simply based on their actions out of their own free will and even if it wasn't the initial plan, is just not something that I can personally accept as intellectually honest or true."", 'Hamas overthrew Gaza. They themselves are occupying the country.', 'Stop it, get some help.', ""I don't know why you are bending over backwards to justify Hamas' continued existence after butchering unarmed men, women, and children. Hamas isn't defending Palestine or Gaza. They don't give a single fck about the people living there. They're just fighting to continue their own existence and don't care how many civilians die so long as their organization continues to exist. That's all they care about. Themselves."", 'When Hamas attacks the IDF soldiers in Gaza, that is not a terrorist action. However, Hamas is still a terrorist organization. They carry out terror attacks daily. Today they fired rockets into Israel, which was terrorism.', 'Buffoonery right here.', ""It's the guy who supports marital rape again, here to accuse Israel of raping children out of nowhere? Your takes aren't particularly good, particularly in light of your lack of ethos in the situation."", 'Yup, ww2 Germany was also the good guy too when the allied forces were already finishing them off in Berlin', 'Does that include the brave freedom fighters killing random people at bus stops during cease fires?', 'Do your parents know you are on here trolling with your ill informed rhetoric?']"
IsraelPalestine,Why are people saying Hamas is NOT a terrorist organization?,,30/10/2023 17:53:26,"Iâ€™m mainly active on Instagram so I see a lot of posts talking abt how Hamas is only called a terrorist group bc of their Arab background and that they are actually just fighting back for their land. Iâ€™m very skeptical of this and I havenâ€™t read enough to find actual reasonable evidence to support that claim. Thereâ€™s also people saying tht Israel is the terrorist here because they are bombing hospitals and other areas where many civilians are hiding indicating itâ€™s a genocide. Then thereâ€™s ppl saying tht Hamas is stationed in these civilian hotspots. My question is, what the hell is actually going on???","['The normal pattern is: (1) Palestinian terrorists kill Israeli civilians and then hide among Palestinian civilians; (2) Israel attacks the terrorists and unfortunately kills some of their human shields; (3) the biased media starts shrieking ""Israel is terrible, they\'re killing the babies for no reason!!!"" After enough shrieking Israel feels pressure to stop.\n\nThe difference now is that neither Israel, nor most of its supporters, is paying any attention to the shrieking (nor should they). Hamas killed more Jews on October 7 than any time since the Holocaust. Israel will destroy Hamas because it has to, regardless of the number of civilian casualties, and regardless of the media.\n\nThe people supporting the terrorists are freaking out because they\'re starting to understand that Israel won\'t back off this time. We\'re in the end-game for Hamas.', 'Hamas are terrorists. Simple as. Coming from someone who aligns more with the Pro-Palestinian side of this (Iâ€™m Irish, and we know what itâ€™s like to have a history of oppression which leads to terrorism) I find it very worrying that a lot of people donâ€™t acknowledge the danger that Hamas poses as an extremist religious group.', 'Look, if you call oct 7 and Hamas attacks ""freedom fighting"" you hate all Jews of Israel. Plain and simple.', ""Terror is a tactic.\n\nNothing Hamas did on October 7th was meant to take or hold land, it was literally just meant to terrorize Israeli people.  Not a single rocket fired from Gaza into Israel is ever going to result in a square inch of land being taken by Hamas.  It's all designed to terrify Israeli's and to make them suffer.  It's sadistic.  The definition of a terrorist is individuals or groups that use terror tactics."", 'Because they are terrorists or wannabe terrorists themselves.\n\nIf you ask those Hamas supporters if Israel should exist, you can see their answer. Ask about how about the current residents and see their answer.', 'They trying to justify their crimes against humanity. Because meh Jews', 'Some people hate black people. Some people hate people who are ethnically Jewish. Why? Because of racism and ignorance.\n\n[https://en.wikipedia.org/wiki/New\\_antisemitism](https://en.wikipedia.org/wiki/New_antisemitism)', 'People can have their opinions and voice them even if they are asinine.\n\nHamas has been declared a Terrorist organization by multiple countries. I bet you can find more if you look for it.\n\n[https://www.state.gov/foreign-terrorist-organizations](https://www.state.gov/foreign-terrorist-organizations/)\n\n[https://www.publicsafety.gc.ca/cnt/ntnl-scrt/cntr-trrrsm/lstd-ntts/crrnt-lstd-ntts-en.aspx](https://www.publicsafety.gc.ca/cnt/ntnl-scrt/cntr-trrrsm/lstd-ntts/crrnt-lstd-ntts-en.aspx)\n\n[https://assets.publishing.service.gov.uk/government/uploads/system/uploads/attachment\\_data/file/266038/List\\_of\\_Proscribed\\_organisations.pdf](https://assets.publishing.service.gov.uk/government/uploads/system/uploads/attachment_data/file/266038/List_of_Proscribed_organisations.pdf)\n\n[https://www.nationalsecurity.gov.au/what-australia-is-doing/terrorist-organisations/listed-terrorist-organisations](https://www.nationalsecurity.gov.au/what-australia-is-doing/terrorist-organisations/listed-terrorist-organisations)', 'Historical context: Jews are indigenous in Israel. The Palestinians are an invention of Yassir Arafat. Both Jews and Arabs were mostly immigrants by the 1920ies. There have been several partition plans (1022, 1936, 1948). The Jews always agreed. The Arabs never did. There were also generous peace offers later from Barak and Olmert which were also rejected by the Palestinians. The Arabs have been trying to violently drive out the Jews for more than a hundred years, before Israel existed. \n\nTo your question: \nIsrael supplied Gaza for free for the sake of peace although it was under no obligation to do so. Israel has withdrawn from Gaza completely in 2005. Some Israelis had to be removed by force by the IDF. They left behind intact houses, horticultural businesses with greenhouses. The Palestinians destroyed all of it. They then elected Hamas who then wiped out Fatah members, preferably by defenestration. They put all of their resources into stockpiling weapons including digging up sewage pipes and repurposing them for rockets. The Hamas bosses are billionaires and live out of danger in Qatar. Hamas has a charter stating its goals. Itâ€™s worldwide Jewish genocide and a global caliphate. That means if they ever succeed in destroying Israel theyâ€™re coming for you!\nThe IDF serves to protect its citizens. They warn the citizens of Gaza through various channels of communication in Arabic to evacuate before they strike. Hamas hides I civilian infrastructure which is a war crime. They prevent the people evacuating by confiscating cars and IDs which is also a war crime. What they did to Israeli civilians (mostly Jewish but also other backgrounds including Arabs) should be enough for you to make up your mind as to whether they are terrorists. Hereâ€™s my opinion: \nComparing those barbarians to animals would be an insult to animals. \nPeople who defend them are antisemites or very deluded.', 'Because they think storming peaceful communities, raping, maiming, torturing and slaughtering 1400+ innocents in less than 5 hours to the cry of ""Yahud"" (jew) is okay.']"
IsraelPalestine,Would you blow up a school to get a terrorist?,,02/12/2023 22:02:45,"Ask yourself honestly. If a school shooter was hiding in a school and using the kids as â€œhuman shieldâ€, would the appropriate response be to blow up the whole school? People would loose their minds if that happened. Now ask yourself if a terrorist hid in your basement and the government blew up your whole family, would you be ok with that? A lot of pro Israelis are using the same logic as bin Ladin that if the people support a government then they are all responsible. Itâ€™s a sick thinking method. 

Also there are many instances where Israel is blowing up places with no Hamas. And it wouldnâ€™t even hurt Hamas since they are in the tunnels. Itâ€™s clear that Israel wants to kill civilians and destroy infrastructure. Israel is the same as !s!s..","[""Israel has control over Israel, not over Gaza. When Israel eliminates Hamas and occupies Gaza they'll have other methods to eliminate terror without bombing the school.\n\nYou should call for occupation of Gaza if you really care about the lives of civilians."", 'If I am the head of the family, I will never allow my family to remain in the house when a terrorist hide in my basement. And If that terrorist is my son, I will use a knife to end him for putting the entire family at risk.', ""You really need to read the international rules of war in the Geneva convention and Rome Statutes.  It's not like this scenario hasn't played out in virtually all military operations within a civilian area."", ""> Ask yourself honestly. If a school shooter was hiding in a school and using the kids as â€œhuman shieldâ€, would the appropriate response be to blow up the whole school? People would loose their minds if that happened. Now ask yourself if a terrorist hid in your basement and the government blew up your whole family, would you be ok with that? A lot of pro Israelis are using the same logic as bin Ladin that if the people support a government then they are all responsible. Itâ€™s a sick thinking method.\n\nIn all of those instances, there are easier ways to get rid of the terrorist. you just enter the school or the basement and kill the terrorist.\n\nWith Hamas, you can't do this because Israel can't send foot soldiers to die the second they enter Gaza.\n\nNot to mention it's not one small terrorist... It's a whole organization that does so.\n\nAnd they don't hide in someone else's house, they hide in their own territory.\n\nNot to mention that Israel didn't just blow up the territory for no reason - they asked the people to evacuate, if someone didn't evacuate - that's on him... \n\nSo the situations are clearly not the same. \n\nNot to mention the Geneva convention literally states that it's allowed.\n\n \n\n>Also there are many instances where Israel is blowing up places with no Hamas. And it wouldnâ€™t even hurt Hamas since they are in the tunnels. Itâ€™s clear that Israel wants to kill civilians and destroy infrastructure. Israel is the same as !s!s..\n\nHow do you know there are no Hamas there exactly? No one can get in and check except for the people of Gaza - and why would they tell you there was a Hamas member there? \n\nAs for the tunnels, you do know that the tunnels collapse under a missile strike, right? It's not a reinforced tunnel - built for standing everything. It's a bad tunnel that can collapse from pretty much anything...\n\nIt's also funny you compare Israel to ISIS considering Hamas literally carried Isis flags in the 7th of October massacre..."", 'So letâ€™s say that Russia was barbaric enough to start using civilians buildings in Donetsk including schools to conduct its military aggression on Ukraine forces. \n\nYou know what will happen? Ukraine would have no choice other than to target those military operations, no matter where they may be. \nThousands of Russian speakers in Donetsk will be killed by Ukraineâ€™s bombs. But it wouldnâ€™t be Ukraine who made that choice to put them in a war and kill them. That would be Russians choice. \n\nA country canâ€™t fight a war if they allow the enemy to use such exploits to be deemed invincible. Using civilians as shields is a war crime for a reason. The reasion is that they cause civilians to die.', ""Why is this posted every day?  It's a stupid question."", 'Hamas is the duly elected government of Gaza. This is a war, not a school shooting. 75 % of the Gazans approved of the October attack on Israel.', 'Using children as human shields is a war crime. Using schools as weapons caches is also a war crime. Building tunnels under hospitals is a war crime as well. \n\nIsrael largely avoided attacking these war criminals for twenty years, and let them mutate into something we have not seen before. \n\nGaza became a real life experiment. What happens when you let a country be ruled by a bunch of terrorists for twenty years, uninterrupted.', 'Killing Hamas in Gaza is kinda different than killing then inside israel,idf have control unlike gaza where majority of population is hostile.', 'The Israeli response to the Hamas attack on 10/7 is far more similar to the American response to 9/11. Hamas is the terrorist organization that intentionally murdered innocent civilians. They are Al Qaeda/ISIS/whatever other terrorist organization you want to analogize to. They are literally terrorists, not a functional first world country that is deploying a military to fight other soldiers. \n\nClose to 1 million Arabs died after 9/11 (roughly 400k civilians), and the war indirectly caused another 3-4M deaths: https://www.washingtonpost.com/world/2023/05/15/war-on-terror-911-deaths-afghanistan-iraq/.\n\nSimilar to Netanyahu propping up Hamas, America propped up Al Qaeda at one point.']"
IsraelPalestine,Is IDF a terrorist organization?,,19/11/2023 04:53:05,"My previous post got removed; apparently i was not following rule 10 ( 3 paragraphs minimum) so here i go again. 

Why I believe IDF is a terrorist organization?
They are a group of militants funded by the state who are killing innocent children and woman in the name of self-defense. When did IDF start behaving like hamas? 

I am sure several of you here can reply back with reasoning trying to justify either side. I dont care how long the conflict has been going on for or why does it even exist in the first place. I am simply pointing out the FACT that is visible to us all. HAMAS has killed hundreds of innocent israeli lives IDF has killed thousands of innocent palesinian women and children. Both are equally morally corrupt at this point and both deserve to be tagged as terrorist organization.

Nothing will EVER justify killing of innocent lives; nobody has the right to kill an innocent bystander and call it casualty of self defense. Hamas and IDF both are terrorist organization.","['Sounds like postmodernism to me. With your definition every organized army fighting a war are terrorists.', ""That is like saying a person who killed a black person charging at them with a knife and a racist lynching and killing a black person are both hate crimes. yes, a black person dies in both scenarios but each one has completely different moral implications.\n\nHamas planned, trained, and ultimately executed a plan to SPECIFICALLY target CIVILLIANS and kill, torture, and even rape as many of them as humanly possible, they threw babies into ovens on camera for F###s sake then they kidnapped 240 innocent people (babies, toddlers, men, women, holocaust survivors) as hostages and threatened to kill them on camera.\n\nIsrael on the other hand, in order to retrieve their hostages and ultimately eliminate the threat of Hamas, started taking out terrorist infrastructure by bombing Gaza, and innocent people were killed in the collateral damage. Yes, it's horrible and I wish I didn't have to be that way. Israel even warned civilians where they were going to bomb in advance and urged people to leave for safer areas.\n\nIt's war and people die in war, but make this stupid equivalence between a professional army actively trying to get civilians out of the way of their operations to get their own people back and an organization that willingly brought this upon themselves by killing innocent people unprovoked is completely outlandish. your mental gymnastics truly deserves a gold medal"", ""To be a terrorist organization you can't be taking direction from a recognized government - killing civilians while taking orders from a government makes you a war criminal, not a terrorist."", 'Because your entire premise is based on a set of law that governs hostilities within a single nation, or perhaps a rationality that is not observed between international conflicts. Only you would know the answer to that.  \n\n\nFurthermore, the designation of terrorism isn\'t solely determined by the ""killing of innocent lives"". Should every murderer also be labelled as a terrorist then?', 'nonsense', ""Civilians are not the target in any attack.\n\nIt's actually hamas that proves that. Using Human shields is only effective of you know your enemy wouldn't attack them."", 'Huh??? Every single army is a terrorist org with that mentality. Most armies have killed innocent civilians at one point in time.', ""Hamas targets civilians and hides behind them.\n\nIDF targets terrorists and has civilian casualties.... Because Hamas hides behind the civilians.\n\nSee the difference? No? Then you're being willfully ignorant of the facts which are obvious and well grounded in truth."", 'Hamas using stupidity again....you cant win an argument if your question is a nonsensical question. Go back to hamas and ask them for a better question', ""The IDF is not a terrorist organization because it doesn't target civilians. It only targets Hamas, but civilians get killed because Hamas uses human shields.""]"
IsraelPalestine,If Hamas is a terrorist organization so is Israel,,10/11/2023 00:20:59,"Israel not only has killed much more innocent civilians than Hamas, they also kill a higher proportion of civilians to military targets than Hamas does, during the October 7th attacks if you look at the proportion of military vs civilians killed Hamas is much better at going after military and not civilians than Israel. Obviously Hamas does kill civilians too and that is condemnable and is terrorism, but if that is what you consider terrorism than Israel and every western government in the world are terrorist too. And if it isnâ€™t controversial to say Hamas should be eradicated for being terrorist it also shouldnâ€™t be controversial to say Israel should be eradicated for commiting even greater acts of terrorism than Hamas. Also I donâ€™t think Hamas or any other armed Palestinian organization is wrong for attacking Israeli military targets, Palestinians have been under illegal occupation and apartheid for decades at the hands of Israel and under international law besieged and occupied people have a right to resist, Palestinians have a right to use violence to resist the genocide being committed against them. Who can reasonably expect people who have had everything taken from them and who are expecting to die early because of Israel to be peaceful towards Israel and hope that they will just stop occupying them which they never will.","[""It's not just about outcome, it's also requiring intent. Targeting civilians=terrorism, collateral deaths of civilians while targeting military targets=not terrorism. It can be critiqued and scrutinized of course but it's not terroristic."", 'If a hijacked airliner will be used to slam into a building, it would be acceptable and moral for a nation to shoot it down in advance, in defense. Such an action would result in the deaths of all on board, but those deaths are on the hands of the hijackers who put them in the line of fire. \n\nYour bizarro logic suggests that there\'s no difference between the truly innocent deaths the hijackers intend to cause (by slamming into a building and killing the passengers too) vs the nation shooting the plane down in self defense (causing regrettable deaths out of self defense). \n\nThere\'s a difference here. Even if you pretend not to see it. \n\nThere is no justification for what Hamas did on Oct 7, and in war there is no ""I placed my rockets next to a house, now I get to shoot at you forever and you can\'t defend yourself"" loophole.', 'The ""I don\'t hate Jews"" playbook ..\n\n* **Israel had it coming**\n* Israel knew about October 7th, but wanted to attack Gaza \\[its really your fault!\\]\n* Hamas isn\'t a terrorist organization \\[freedom fighters, Israel had it coming!\\]\n* **Hamas is a terrorist organization, BUT .... \\[Israel had it coming!\\]**\n* I\'m a Jew, and .. \\[insert propaganda\\], and you can believe it, because really Jew.\n* **but Both Sides \\[even if only one side loves beheading people\\]**\n* **ButwhataboutJEW**\n* **October 7th minimalism \\[it wasn\'t so bad!  Gaza civilians!\\]**\n* Everything is Israel\'s responsibility \\[Gaza helpless victim syndrome, who, us ?!\\]\n* Israel\'s war \\[nevermind that whole Hamas October 7th thing\\]\n* **Israel is the real terrorists \\[because \'reasons\'\\]**\n* muh Politics \\[Israel is extreme rightest most righty right of the right right wing\\]\n* Just innocent civilians \\[ignore the October 7 celebrations!\\]\n* Resistance to Hamas is futile \\[Israel creates the terrorists!\\]', 'Hamas targets civilians, Israel doesnâ€™t. That is why Israel is not a terrorist organization.', 'Per your logic, if Israelâ€™s a terrorist organization, so is 200 other countries', 'ðŸ¤¡ðŸ¤¡ðŸ¤¡', ""*Israel not only has killed much more innocent civilians than Hamas, they also kill a higher proportion of civilians to military targets than Hamas does*\n\nThat's not the definition of terrorism."", 'Okay but look at the greater scope of the IDF. They serve as defense, education, and are an essential institution in defense. As much bad as they do, they do more good for their citizens. Hamas ONLY serves to harm Palestinians and Israelis. And they target civilians almost exclusively.', 'Is the US a terrorist state? We nuked Japan during WW2 and killed millions in the Middle East after 9/11.', ""1. Israel is not occupying Gaza. They handed it over fully to the Palestinians for them to self-govern and build themselves a state. What did they use this opportunity for? To carry out a plethora of terrorist attacks. Hamas does not want to peacefully coexist. They want to destroy Israel and every last Jew on planet earth.\n\n2. There is a clear difference between the brutal, sadistic attacks on innocent civilians that occurred on October 7th vs targeting terrorist operation sites and inadvertently killing civilians in the area. Doesn't the fact that Hamas operates out of heavily populated civilian areas say something to you? \n\n3. This whole proportional argument is getting annoying. Far more German civilians died in WW2 than British. We're the allies wrong in fighting back against the Nazis?""]"
IsraelPalestine,People who say that Israel attacking Gaza just creates more terrorist are using a double standard,,05/11/2023 05:54:22,"
Wouldn't a ceasefire and letting hamas do this again just create more Jewish terrorist?
They exist. The mossad has an entire division dedicated to combat Jewish-on-palestinian terrorism.

Naarei hgv'ot exist. They attack WB palestinians and they get prosecuted.

The argument that attacking Gaza creates more terrorists is just an excuse to say that hamas should be immune from retaliation and should not be destroyed.

It's an open call to allow hamas to kill more jews","[""Counter questions for the 'it just creates more terrorists crowd': Why didn't bombing Germany and Japan just create more Nazis and extremist Imperialists? Where are the Tamil Tigers these days? Has Isis recovered from losing Baghouz?"", 'This argument is such garbage. Gaza has reached peak radicalization as is. It legitimately canâ€™t get any worse.', ""According to the IDF's announcement, some Gaza residents are already cooperating with the IDF in removing Hamas, by informing the IDF of Hamas' tunnels and hideouts.\n\nI think at least some of Gaza's residents have found that the presence of Hamas does not help themselves survive and live. Historically, not everyone always chooses reckless resistance."", 'Paying ransom to kidnappers encourages more kidnappers.\n\nUtterly destroying the kidnappers and their homes and assets might give the next kidnapper pause.', ""What it means is that violence, never brought peace. Without dialog, without mutual understanding, mutual renouncement, mutual effort toward a mutual goal, there can't be peace.\n\nMany many years, Israel has defended itself. Is there peace? No. With Egypt yes. And somehow with Jordan. Not because of war but because at some point everybody stopped and made a political agreement. THIS brought peace.\n\nYes violence, retaliation is sometimes the last solution when a problem has not been addressed for many years or if it has not found ideal conditions. \n\nStill, there will be no peace until a political agreement has been found. \n\nIt is HARDER than war but unlike war, it brings something you all have forgotten about because it's been so long. PEACE.\n\nLIFE.\n\nMay all Israelis and Palestinians hearts heal from this tragedy. Build yourself a new LIFE."", 'Yep its a ""but this COULD happen"" argument. It\'s all whataboutism to distract from the main point that Hamas is a terrorist organization and nothing changes that.', 'Not exactly. Ceasefire would create more hamas terrorists becausr they will be considered victorious heroes. It would also create huge outrage in israel, which will no doubt result in thr govt stepping down and a more hawkish govt stepping in to continue the fightning. There is almost full support for this from the israeli public. Israeli terrorism is neglegible fenomenan and the jewish division is in the shabak and not mossad.', 'Also sends a message to terror orgs that all they have to do to avoid retaliation is to hide among civilians. \nThe fact that the world doesnâ€™t see this is beyond me', '\nTotally right', 'Everything about the peoples defense of Gaza is a double standard. Itâ€™s okay for Hamas to do anything because 75 years ago an Israeli dude tripped their 2nd cousin twice removed.']"
IsraelPalestine,Why are Hamas terrorists but the IDF isnâ€™t?,,23/10/2023 16:51:02,"Like I get that Israel has been ratified by the UN, but if we look at the actions of both sides, what is the functional difference that makes Hamas terrorists and not the IDF?

Hamas was elected democratically. Some might say that they rose to power violently, but given that there is so much disinformation and propaganda being pumped out of Israel and its allies, how can we use that as an argument?","[""The IDF's mission is'nt the eradication of all palestinians. Hamarse's stated goal is the eradication of all jews"", 'Hamas has it in their charter to kill Jews.\n\n""The Day of Judgement will not come about until Moslems fight the Jews (killing the Jews)""\n\nhttps://avalon.law.yale.edu/20th_century/hamas.asp\n\nIsrael has 200+ cultures that coexist with no problems, including over one million Muslims.  The problem is 100% with the people that want to kill Jews.  Is that hard to understand?', 'Quite simply, Hamas are terrorists because they target civilians, and the IDF doesnâ€™t do that.', 'The IDF is a standard army fighting according to the rules of war, Hamas is a guerilla militant group fighting in terrorist way and trying to literally instil terror in civilian population.\n\nThe IDF target Hamas targets exclusively and citizens who die are never the target but a collateral damage, Hamas targets mostly at civilians specifically.\n\nMany more reasons any sane person will clearly see.', 'Easyâ€¦ Hamas charter/Covenant that says explicitly, â€œIsrael will exist and will continue to exist until Islam will obliterate it, just as it obliterated others before it""\n\nIDF has no such goal and made no such statement in writing. It is not their law to wipe Palestinians off the face of the earth like it is for Hamas to threaten the complete destruction of Israel and its people. \n\nUnlike Hamas and Palestinians alike, Israelis donâ€™t believe in suicide bombings and violent resistance. Hamas is no different than ISIS, Taliban, Hezbollab, etc. All of the have been deemed terrorist groups globally, not just by Israel. \n\nhttps://theconversation.com/hamas-was-unpopular-in-gaza-before-it-attacked-israel-surveys-showed-gazans-cared-more-about-fighting-poverty-than-armed-resistance-215640\n\nhttps://www.pewresearch.org/short-reads/2015/02/05/extremism-in-muslim-nations/', 'Because Hamas is a terrorist org that uses children as human shields and beheads babies. The fact that you are trying to compare the two just shows me that you are an antisemitic bigot without an brain cells who is trying to blame the Jews.', ""Palestines terrorist Hamas are not just terrorist like we know in the past, they are genocidal terorrist. Thats why they wont spare anyone even a baby.\nhttps://www.reddit.com/r/IsraelPalestine/s/QBm5CTm33d\n\nTerrorism = INTENTIONAL killing or even just attack of innocents unarmed civillians for their country or religion. If they didn't do it for religion or country, it's not a terrorism. Terrorism has a cost. Palestines cowardly islamic terorrism is example like how they massacred the village, spared no one even a baby.\n\nIDF is not terrorist, be\xadcause they didn't commit terrorism. Innocent Palestines died UNINTENTIONALLY as casualties or collateral damage from Israel messiles. You know Palestines terorrist planted their rocket launch in the Palestine residential areas right? Obviously Israel must destroy the terrorist rockets because it won't stop releasing THOUSANDS of rockets but innocent civillians also died and it can't be helped."", 'How about a good start:\n\nThere are more than 40 countries denouncing Hamas as a terrorist.\n\nHow many countries are there denouncing the IDF as a terrorist organization? Not a single one.', ""You could make an argument that IDF are terrorists if you somehow knew that there were not legitimate targets to their airstrikes.  The fact that civilians are killed does not imply this by itself.  It's not an easy thing to prove one way or the other.\n\nWith Hamas, I mean what is there to even argue?  They're clearly terrorists, there's no legitimate operational objective served by torturing and killing families."", ""By that logic, all armies are terrorists,  smh.\nWhy is ISIS a terrorists organization,  but the British navy isn't?""]"
IsraelPalestine,Debate: Terrorists or freedom fighters?,Discussion,06/07/2023 23:20:29,"Maybe this topic is too controversial but I wanted to ask this nonetheless.

I see a lot of different ways of refering to armed Palestine terrorists/freedom fighters and I was wondering, how do you make a distinction? Do you have a line in your head that separates the two terms? If yes, then what is it?","['A minimalist list;\n\nFreedom fighters:\n\n* Target military targets *only*\n\n* Build their organizations around principles of human rights\n\nTerrorist groups:\n\n* Target primarily civilians\n\n* Build their organizations around a form of totalitarianism.\n\nThat makes for a pretty clean divide - and very clear on which side the Palestinian groups are.', ""Palestineans are **focused** on killing civilians,  Israel is focused on **avoiding** that. They are not saint, but definitely Israel doesn't want civilian casualties."", 'I worked in counter terrorism on one of my two deployments while I was in the British Army, and sent soldiers onto many other counter terrorism deployments around the world as well.\n\nThe definition was important to us. Sometimes the UK would support an insurgency (Free Syria Army, to pick one example), and sometimes oppose it (Taliban, Al Qaeda, ISIS, Iranian Backed militias across the middle east).\n\nIt was essential the soldiers knew that ""Terrorist"" isn\'t just an arbitrary term used and abused by our leadership.\n\nSo for us, the simple definition was whether someone targeted civilians as a standard operating procedure.\n\nThe more complex definition was whether an organization abided by the [Law of Armed Conflict](https://www.icrc.org/en/doc/assets/files/other/law1_final.pdf), however it\'s surely more complex because there are different definitions and even conflicting agreements about these.', 'Killing innocent civilians is terrorism, full-stop. Whether done by Israel or Palestine.', 'Unlike Palestinian terrorists, IDF has no intention and does not plot to murder people who are non-combative for political means, which is essential to being a terrorist.', 'Freedom Fighters attack military targets.  Terrorists attack civilians.\n\nThe war convention exists for a reason.\n\nIsrael observes it, mostly.\n\nThe â€œPalestiniansâ€ deliberately ignore it, and routinely flout it.', 'There is no debate about this because it is not subjective. Under the Fourth Geneva Convention, to be a legitimate freedom fighter (franc-tireur),  you need to wear an identifying marker such as a uniform or armband. Otherwise you are a terrorist. Contrary to popular belief, it doesn\'t have anything to do with whom you target. Targeting civilians is a war crime but it is not terrorism. \n\nConsequently, the Israeli army is not a terrorist army because it has uniforms. It doesn\'t matter if they eat babies for breakfast and fry puppies for lunch; they\'re still not terrorists. Conversely, Hamas members who do not wear identifying markers are terrorists. It doesn\'t matter if they only target kitten-murdering pedophiles who talk in movie theaters, they\'re still terrorists.\n\n""Terrorist"" does not mean any illegitimate combatant. It has a very specific meaning, like any other legal term.', 'The two concepts overlap.  There are two main definitions of terrorism: \n\n1) The use of violence short of war against civilian targets to change political opinion.\n\n2) Violent actions by militias not in control of specific territory (i.e. not a government or guerrilla organization) as a means of exerting political pressure.\n\nFreedom fighter: a person who takes part in a resistance movement against an oppressive political or social establishment.\n\nHamas in the West Bank meets all 3 definitions.', ""So here's my perspective: if you're fighting for a political cause and you are targeting soldiers, police, and government officials, you're a freedom fighter or an insurgent (depending on whether you sympathize with the rebels or the government, basically).\n\nHowever, if you're fighting for the same cause and you're targeting civilians, bystanders, etc... you're a terrorist. That applies to everyone, regardless of whether you sympathize with their cause."", 'If Palestinian terrorists were fighting for freedom, there might be a case for discussion.\n\nFar as I can see theyâ€™re fighting to end non-belligerent occupation to enable Islamist dictatorship.']"
IsraelPalestine,Why can't Pro-Palestine people admit that Hamas are terrorists?,Discussion,02/11/2023 12:00:59,"The Oxford dictionary defines terrorism as: 

The unlawful use of violence and intimidation, especially against civilians, in the pursuit of political aims.

By definition, Hamas are terrorists. 

From my discussions with Pro-Palestine people, many deny that Hamas are terrorists. 

Their reasoning is Hamas's terrorism against Isreal is justified, and therefore they aren't terrorists, they are 'freedom fighters'. 

This is extremely problematic, because all terrorism is politically motivated, and the terrorists always believe their violence is 'justified'. 

Pro-Palestine people will then accuse the IDF or Zionists of being terrorists for their violence and intimidation towards the Palestinians.  OK, if that makes them terrorists, why aren't Hamas also terrorists for doing the same thing? 

You can argue back and forth about who started it, but BOTH Hamas and the IDF are terrorising civilians and Hamas are also terrorising their own civilians by executing them, provoking Isreal and then using the Palestinians as human shields. 

If you are Pro-Palestine, you should be against Hamas. Hamas had a chance to make Palestine at better place after Isreal ended their occupation, to choose the path of peace, but they chose war and corruption. ","[""I think you're generalising, I'm pro palestinian and I can 100% agree hamas are terrorists.\n\nHowever, what we would probably disagree on is the fact that the idf also use terrorism"", '[deleted]', ""They'll admit Hamas are terrorists, **BUT ......** \\[insert 60 pages of why you deserved it\\]"", 'Because what Hamas believes is more alike with what mainstream Muslims believe. Of course they support it - just look up ""the jews will hide behind the stones and trees islam"" on google. You will be shocked by what you see. It\'s an islamic hadith prophecy, commonly held by muslims and part of the hamas charter, that the muslims will kill jews and that when the jews hide behind trees even the trees will want them dead.\n\nMuslims believe Momamed the warlord himself said this. And of course if child rapist modhamed said it then we gotta do it, it is god\'s will afterall.\n\nAnd because white beta westerns refuse to believe it out of some irrational fear of being called racist and a brainwashed view that white people owe to themselves to give a pass to colored people literally no matter what because africans were enslaved here hundreds of years ago.', ""Because they don't see Jews as people, or civilians, so they don't believe killing them is terrorism."", 'Because Hamas is Islam without the lies and sugarcoating. Islam is terrorism and muslim will never admit it publicly, especially arabs who are nothing without islam', '> This is extremely problematic, because all terrorism is politically motivated, and the terrorists always believe their violence is \'justified\'.\n\nI think you answered your question.  They pro-Palestinians (I\'d say more likely BDSers here I think you are being overly broad) believe ""terrorist"" is a negative word, and they fully associate the random  slaughter of Jewish kids at a dance as a positive event and so reject the word on emotional grounds.  \n\n> If you are Pro-Palestine, you should be against Hamas. Hamas had a chance to make Palestine at better place after Isreal ended their occupation, to choose the path of peace, but they chose war and corruption.\n\nSorry totally disagree with you. ""Pro-Palestinians"" have a long track record of not caring about Palestinians at all when Jews aren\'t involved.  Lebanon for example has horrific discrimination against ethnically Palestinian Lebanese.  BDS generally favor the policy.  We are going to here all day about the IDF bombing of a refugee camp.  When ISIS was tearing up the largest Palestinian refugee camp in the world, BDS were completely indifferent (and BTW don\'t let them play the ""nothing we can do"" they ignorant it was even happening even though supposedly their hatred of Israel is based on deep concern for Palestinians: https://en.wikipedia.org/wiki/Yarmouk_Camp#During_the_Syrian_Civil_War). \n\nThe reality is these guys detest Jews.  Hamas has similar attitudes towards Jews: no peace, nothing but never ending hostility till the end of time.  Certainly no two state solution that would legitimize Jews in their belief that they deserve a state.   What in Hamas would be there not to like?', 'Because they donâ€™t really believe hamas did anything wrong', ""Depends. \nFor Muslim supporters. It's part of their internal belief. If jihad is justified, how can Hamas be terrorists? They are doing Allah job. \n\nFor others, it's mainly because the only framework they have is oppressed oppressor. Hard for them to see that there aren't just 2 million Palestinians in Gaza. But 1.2 billion Muslims vs 10 million people in Israel."", ""I suppose, because they believe that the Palestinian cause is just, and that due to the strength of Israel they believe they have no choice but to fight in a guerrilla way. There's usually some argument about how the IDF commit acts of brutality too.\n\n>If you are Pro-Palestine, you should be against Hamas. Hamas had a chance to make Palestine at better place after Isreal ended their occupation, to choose the path of peace, but they chose war and corruption.\n\nThe tragedy of this conflict is that the longer it has gone on, the more violence and killing has been done on both sides, the more both sides have been pushed to the extremes. So you end up with ultra-right hawk types in power in Israel, and Hamas taking over from the PLO in Gaza. Then these types commit acts that further inflame the other side (rocket attacks, building settlements) and the vicious cycle continues.""]"
IsraelPalestine,"If Israel is so bad, why donâ€™t countries label it as terrorist?",,15/10/2023 04:00:46,"Letâ€™s settle this claim thatâ€™s been used over and over again as counter-argument to Hamasâ€™ terrorism.

If Israel is to be considered as bad, or even worse, than Hamas because of all their terrors against Palestinian civilians as pro-Palestine people claim, why arenâ€™t world governments label them as terrorists?

Because they are not. Terrorism has a definition. And if your own country doesnâ€™t label Israel as terrorist, then maybe you should change that first.","['Because with proper, unbiased research I think youâ€™ll find that while Israel most certainly may have overstepped limits, it isnâ€™t half as bad as the leftist FreePalestine movement is pushing. \n\nâ€¢The bombings are always done with a warning beforehand (evidence in my post history) which means that for years, Gazan deaths have been mainly avoidable. \n\nâ€¢Israel has provided for Gaza in a way that no neighboring Arabic country has- despite the aggression thatâ€™s been displayed by Palestinians no matter where theyâ€™ve taken up refuge. (Evidence in comment history, but also, please note how Egypt hasnâ€™t so much as sent WATER.)\n\nâ€¢Peace treaties have been offered REPEATEDLY and Palestinians are *always* the ones who leave peace talks despite which other countries are involved and what territory is offered.\n\nâ€¦ far too many other points to be made, but happy to discuss or send whatever unbiased links I can find if youâ€™re also interested in the research.', 'the good old appeal to authority fallacy', '[deleted]', 'Apparently if your country has  government that buys American weapons, you have a military. If your country canâ€™t afford American weapons and military equipment, then they are terrorists. Thatâ€™s the truth and everyone knows it.', 'Easy its because money is power!', 'Because a lot of countries think itâ€™s ok to do the same. Israel is doing what the US has been doing for decades', 'The United States has a boner for murdering women and children by proxy', ""Impossible to label a country as terrorist when you don't recognize it."", ""Why doesn't Israel offer to accept refugees from Gaza? At least the kids and elderly while this war takes place."", 'Western governments have been informed in real-time of the crimes Israel is committing: in confidential cables from their own embassy officials, and in endless reports from human rights groups documenting Israelâ€™s apartheid rule over Palestinians.\n\nAnd yet western politicians have time and again done nothing to intervene, done nothing to exert meaningful pressure. Worse, they have rewarded Israel with endless military, financial and diplomatic support.']"
IsraelPalestine,Is there a way to separate the terrorist Gazans from the non-terrorist ones?,,29/10/2023 11:38:28,"Is there some way to filter the Gazans who hate Hamas and have no problems with Israeli people, from the Hamas supporters? I am really saddened by this war, and the people caught in the crossfire because of Hamas' abhorrent evil actions. 

Like, my understanding is that the West Bank is fairly peaceful and safe, could they find a way to get the non-Hamas supporters relocated over there? And then with only Hamas and their allies left, the Israeli army can just go full hammer until they're all gone.

I sadly don't see any other way to solve this, aside from getting Hamas completely out of the picture, permanently.","['If there was a way, the IDF would have done it.\n\nUnfortunately, there is support for Hamas in a lot of Gazans household - we see that in videos of dead/unconscious Israelis being paraded in the streets of Gaza and being spat at and cheered.\n\nAlso, there are testimonies from ex-Gazans, the famous one is Dor Shahar (previously  Ayman Soubach) who has lived in Gaza and converted to Judaism. He explains that in every household in Gaza there is a Hamas terrorist. If you don\'t believe what he is, I can hear his Arabic accent very well when he speaks Hebrew. You can see an interview with him [here](https://www.youtube.com/watch?v=S3RGVMAmTMk&ab_channel=DocumentingIsrael).\n\nI would also like to add that although Hamas isn\'t very popular in the West Bank, over there there are more terrorist organizations such as Islamic Jihad and Fatah. But because the West Bank is occupied, they can\'t accumulate weapons like they did in Gaza. That\'s why it\'s ""more peaceful"".', ""Unfortunately it's very difficult to differentiate between Palestinian civilians who support hamas and don't. Too many stay silent, and there are many Muslim Israelis who actively cheer when rockets are fired and everyone's running to the shelters. Even the ones who don't support hamas at all are scared to speak out because of the pressures surrounding them, making it easier to support hamas by some sort of tribalism."", 'Israel just need to build better defence inside Israel and maybe clear areas that are close to Gaza. Thats the real defence nobody is talking about. Everyone seem to believe the propaganda saying that attack is the same as defence which is totally wrong. No one is against israel defending themselves but invasion and bombing is not defence.', 'Considering that Hamas is the ""ruling party"" in Gaza etc, I doubt they even do a decent job of keeping records of who is or isn\'t a convicted criminal.  \n\nOne thing you can be certain of is that there won\'t be any LGBT Gazans left to ""separate"" into the west bank.  Hamas murders them all the moment they\'re ""caught"", and the people generally support this policy.  \n\nSo.. if the people in Gaza generally support a genocide of all LGBT people.. how would any of them be ""safe"" to have in the west bank?\n\nHonest question.', ""Any Palestinian and Gazan who has no problem with the Israeli people must be mentally ill. Dissenting of settler Colonialism and understanding the people doing it are your enemies is not terrorism. Since this war, Israel has senseleslly killed ~100 people in the West Bank. Arab Israelis have been threatened by mobs and refused services. \n\nI'm so grateful that myself and the world have been awakened to the evil underbelly of Zionism."", 'And what exactly would you do to the Hamas supporting civilians? I worry at the terrible reply you will give.', ""Not if Hamas uses them as shields, there isn't."", 'The West Bank isnâ€™t all that peaceful either. The Palestinian Authority is corrupt and ineffectual, and IDF has to go in and disarm the militants that pose a threat to the peace of Israel and the Palestinians in the West Bank. The alliance between Israel and Saudi Arabia was going to be an effort to impose more order in the West Bank, very much something Iran could not allow. Iran is desperate to become a nuclear power aligned with Russia, China and North Korea (FWTW). Israel will always be a hindrance to Iranâ€™s nuclear ambitions, thus the hatred. The Palestinians are the pawns in the game to manipulate the West and a constant source of terrorists and violence. Authoritarianism is the rule in the Middle East because there isnâ€™t a real grasp of democracy or freedom and whenever there is, the extremists show up to turn over the apple cart. The West may never figure this out because we are incredibly clueless about culture and history and human nature itself. Israel more or less gets it, but is constrained by the West and their own faith in democratic institutions.', 'More pessimistic than I like, but thank you for the link nonetheless', ""If 100% of a population turn to terrorism against you, don't you kinda have to ask yourself if you're doing something to cause it?""]"
IsraelPalestine,Is the IDF a terrorist organization?,,24/11/2023 15:22:38,"The definition of terrorism is â€œa person who uses unlawful violence and intimidation, especially against civilians, in the pursuit of political aimsâ€. 

Isnâ€™t this what the idf does? I mean there are so many reports of Palestinians being raped and killed for no reason. The old Israeli soldiers literally admit to killing everyone they saw and raping Palestinian women. There are so many videos of IDF soldiers shooting unarmed Palestinians in the West Bank. They kill kids who throw rocks. Not to mention the peaceful protest in Gaza in 2021 where the idf killed about 200 protestors who had no guns. Doesnâ€™t this make the idf a terrorist organization?

As for Hamas, they commit violence, but under international law they have the right to resist the occupation by any means necessary. Killing civilians is wrong on both sides but the IDF appears to be worse than Hamas. Also there is no evidence for a lot of what Hamas is accused for on Oct.7 like rape and be heading. We know the IdF always lies so itâ€™s hard to believe them.

The US classifies only Arabs and Muslims as terrorists so their list is unreliable. Anyways one manâ€™s terrorist is another manâ€™s freedom fighter. When the mujahideen fought the soviets the US considered them as heroâ€™s and the soviets considered them terrorists. Ghandi, Mandela, George Washington weâ€™re all considered terrorists by the occupiers.","['Lmfao Hamas is taking a crap on your international law and mocks it. All the heads of Hamas must be sitting and watching as people like you talk about Hamas\' right to resist occupation when they murder babies, rape women and behead foreign workers with a shovel while shouting how great their god is. They must be having a laugh at how stupid the people of the west are.\n\nBut you still ask if the IDF is a terrorist organization. As we are arguing with Hamas about whether they will be kind enough to let the red cross meet with women and children hostages that all their crimes were being in Israel (I won\'t even say ""being Jewish"" because they couldn\'t care less they were vicious to everyone)\n\nBut yeah the IDF which protected the Gazans\' retreat south from Hamas are the terrorists.', 'And the award for the dumbest post in the history of dumb posts go to...', 'For 100 years the Palestinians have worshiped a death cult\n\nEach time they try to exterminate all the Jews \n\nThat has been the only Palestinian position since the 1920s \n\nIt Enrages you that the Jews defend themselves \n\nI can completely understand that -- but you should understand that after October 7 no one will ever take seriously an actual peace treaty\n\nOctober 7 was the end of any hope for a Palestinian state. I actually think that the Palestinian ""leaders"" secretly want that. They became billionaires and live in splendor, because of the misery of their people not despite it.\n\nSo when you support the Palestinian ""cause"" you\'re actually supporting the misery of the Palestinians.\n\nIt\'s a lesson that they will never learn and so 100 years from now if there is anybody left alive in the Middle East, they will still be a conflict.\n\nHopeless.', 'No. The IDF acts according to the international law and the pursuit is not a political aim.', ""> Not to mention the peaceful protest in Gaza in 2021 where the idf killed about 200 protestors who had no guns. \n\nThere was never a peaceful protest in Gaza. If they don't use guns they use rocks and molotov cocktailes.\n\n> They kill kids who throw rocks.\n\nI have a suggestion. Go ask a 17 years old kid to throw rocks at you and not stop until you lose consciousness. Do it every day for 2 years.\n\nThen if you think that throwing rock can not deal a serious damage, I'll change my mind and respect your opinion about Israel's policy."", ""> under international law they have the right to resist the occupation by any means necessary. \n\nSomeone didn't read international law."", ""Geneva Conventions were mostly written to be followed by Two States with two armies in war. Geneva Conventions aren't suitable to be applied strictly or in a major way when a State fights a great terror organisation that uses those same Conventions as toilet paper, that doesn't even care for protecting civilians. \nArticle 19 overwrites the 18th about hospitals: if hospitals are used as military bases they can be bombed, even if there are civilians in. And that is applicable on any other building, UN, Church or Mosque, or any other thing, like ambulances. \n\nIt wouldn't make sense if it applied only to hospitals, the Geneva Conventions are laws susceptible of interpretation, case by case. \n\nYes, the IDF has killed many civilians, but they haven't done deliberately or willingly so. They tried all they could to protect the citizens of Gaza.\n\nNo. The IDF aren't a terrorist group and Mohammed Hijab is a delusional, islamist, Hamas fanboy, sphinctere-brain, bully to say IDF are terrorists with that confidence. Like anyone who thinks the same."", '>be heading\n\nI think there is that one Thai guy who did get beheaded.', '>The definition of terrorism is â€œa person who uses unlawful violence and intimidation, especially against civilians, in the pursuit of political aimsâ€.\n\nIDF uses lawful violence. The lawful part comes from LOAC, [short video](https://www.youtube.com/watch?v=HwpzzAefx9M);  [PDF](https://www.genevacall.org/wp-content/uploads/2023/07/The-Law-of-Armed-Conflict.pdf)', 'Too much slander and obvious bias without evidence to be worth debating this as it stands.\n\n-IDF ""always"" lies\n-IDF admit to killing everyone and raping women but no evidence provided on this\n-Gaza protest in 2021 was peaceful despite the significant use of stockpiles stones for throwing at people\n\n-believes International law allows resistance against occupation ""by any means necessary""\n-has the idea that Gaza is occupied\n-Refuses to believe rape that is being shared by victims\n-Refuses to believe beheading that was literally shown on video to the UN\n\nSo no, this isn\'t worth anyone\'s time.']"
